/*
SQLyog Ultimate v10.00 Beta1
MySQL - 5.6.21 : Database - mantrahe_data
*********************************************************************
*/

/*!40101 SET NAMES utf8 */;

/*!40101 SET SQL_MODE=''*/;

/*!40014 SET @OLD_UNIQUE_CHECKS=@@UNIQUE_CHECKS, UNIQUE_CHECKS=0 */;
/*!40014 SET @OLD_FOREIGN_KEY_CHECKS=@@FOREIGN_KEY_CHECKS, FOREIGN_KEY_CHECKS=0 */;
/*!40101 SET @OLD_SQL_MODE=@@SQL_MODE, SQL_MODE='NO_AUTO_VALUE_ON_ZERO' */;
/*!40111 SET @OLD_SQL_NOTES=@@SQL_NOTES, SQL_NOTES=0 */;
CREATE DATABASE /*!32312 IF NOT EXISTS*/`mantrahe_data` /*!40100 DEFAULT CHARACTER SET utf8 */;

USE `mantrahe_data`;

/*Table structure for table `admin_activity_log` */

DROP TABLE IF EXISTS `admin_activity_log`;

CREATE TABLE `admin_activity_log` (
  `id` int(11) NOT NULL AUTO_INCREMENT,
  `activity_date` timestamp NOT NULL DEFAULT CURRENT_TIMESTAMP,
  `activity_module_admin` varchar(255) DEFAULT NULL,
  `activity_module` varchar(255) DEFAULT NULL,
  `module_master_id` int(11) DEFAULT NULL,
  `action` varchar(255) DEFAULT NULL,
  `from_method` varchar(255) DEFAULT NULL,
  `user_id` int(11) DEFAULT NULL,
  `table_name` varchar(255) DEFAULT NULL,
  `user_browser` varchar(255) DEFAULT NULL,
  `user_platform` varchar(255) DEFAULT NULL,
  `old_description` text,
  `description` text,
  `ip_address` varchar(255) DEFAULT NULL,
  `company_id` int(11) DEFAULT NULL,
  `branch_id` int(11) DEFAULT NULL,
  PRIMARY KEY (`id`)
) ENGINE=InnoDB AUTO_INCREMENT=182 DEFAULT CHARSET=utf8;

/*Data for the table `admin_activity_log` */

insert  into `admin_activity_log`(`id`,`activity_date`,`activity_module_admin`,`activity_module`,`module_master_id`,`action`,`from_method`,`user_id`,`table_name`,`user_browser`,`user_platform`,`old_description`,`description`,`ip_address`,`company_id`,`branch_id`) values (37,'2020-11-04 19:33:28','Inactive User Account','user',1,'Insert','user/InactiveUser',1,'users','Firefox','Windows 7',NULL,NULL,'::1',NULL,NULL),(38,'2020-11-04 19:33:44','Active User Account','user',1,'Insert','user/ActiveUser',1,'users','Firefox','Windows 7',NULL,NULL,'::1',NULL,NULL),(39,'2020-11-04 19:35:44','Active User Account','user',NULL,'Insert','user/store',1,'users','Firefox','Windows 7',NULL,NULL,'::1',NULL,NULL),(40,'2020-11-04 19:37:54','Active User Account','user',NULL,'Insert','user/store',1,'users','Firefox','Windows 7',NULL,NULL,'::1',NULL,NULL),(41,'2020-11-04 19:58:34','Active User Account','user',NULL,'Insert','user/store',1,'users','Firefox','Windows 7',NULL,NULL,'::1',NULL,NULL),(42,'2020-11-04 19:59:58','Active User Account','user',NULL,'Insert','user/store',1,'users','Firefox','Windows 7',NULL,NULL,'::1',NULL,NULL),(43,'2020-11-04 20:01:11','Active User Account','user',NULL,'Insert','user/store',1,'users','Firefox','Windows 7',NULL,NULL,'::1',NULL,NULL),(44,'2020-11-04 20:02:27','Active User Account','user',NULL,'Insert','user/store',1,'users','Firefox','Windows 7',NULL,NULL,'::1',NULL,NULL),(45,'2020-11-04 20:03:14','Active User Account','user',NULL,'Insert','user/store',1,'users','Firefox','Windows 7',NULL,NULL,'::1',NULL,NULL),(46,'2020-11-05 11:26:13','Menu Permission','Menupermission',8,'Delete & Insert','Menupermission/AssignMenu',1,'admin_menu_permission','Firefox','Windows 7',NULL,NULL,'::1',NULL,NULL),(47,'2020-11-05 11:26:13','Menu Permission','Menupermission',8,'Delete & Insert','Menupermission/AssignMenu',1,'admin_menu_permission','Firefox','Windows 7',NULL,NULL,'::1',NULL,NULL),(48,'2020-11-05 11:26:13','Menu Permission','Menupermission',8,'Delete & Insert','Menupermission/AssignMenu',1,'admin_menu_permission','Firefox','Windows 7',NULL,NULL,'::1',NULL,NULL),(49,'2020-11-05 11:26:13','Menu Permission','Menupermission',8,'Delete & Insert','Menupermission/AssignMenu',1,'admin_menu_permission','Firefox','Windows 7',NULL,NULL,'::1',NULL,NULL),(50,'2020-11-05 11:26:39','Menu Permission','Menupermission',8,'Delete & Insert','Menupermission/AssignMenu',1,'admin_menu_permission','Firefox','Windows 7',NULL,NULL,'::1',NULL,NULL),(51,'2020-11-05 11:26:39','Menu Permission','Menupermission',8,'Delete & Insert','Menupermission/AssignMenu',1,'admin_menu_permission','Firefox','Windows 7',NULL,NULL,'::1',NULL,NULL),(52,'2020-11-05 11:26:39','Menu Permission','Menupermission',8,'Delete & Insert','Menupermission/AssignMenu',1,'admin_menu_permission','Firefox','Windows 7',NULL,NULL,'::1',NULL,NULL),(53,'2020-11-05 11:41:54','Menu Permission','Menupermission',8,'Delete & Insert','Menupermission/AssignMenu',1,'admin_menu_permission','Firefox','Windows 7',NULL,NULL,'::1',NULL,NULL),(54,'2020-11-05 11:41:55','Menu Permission','Menupermission',8,'Delete & Insert','Menupermission/AssignMenu',1,'admin_menu_permission','Firefox','Windows 7',NULL,NULL,'::1',NULL,NULL),(55,'2020-11-05 11:42:12','Menu Permission','Menupermission',8,'Delete & Insert','Menupermission/AssignMenu',1,'admin_menu_permission','Firefox','Windows 7',NULL,NULL,'::1',NULL,NULL),(56,'2020-11-05 11:42:12','Menu Permission','Menupermission',8,'Delete & Insert','Menupermission/AssignMenu',1,'admin_menu_permission','Firefox','Windows 7',NULL,NULL,'::1',NULL,NULL),(57,'2020-11-05 11:42:12','Menu Permission','Menupermission',8,'Delete & Insert','Menupermission/AssignMenu',1,'admin_menu_permission','Firefox','Windows 7',NULL,NULL,'::1',NULL,NULL),(58,'2020-11-05 11:42:12','Menu Permission','Menupermission',8,'Delete & Insert','Menupermission/AssignMenu',1,'admin_menu_permission','Firefox','Windows 7',NULL,NULL,'::1',NULL,NULL),(59,'2020-11-05 11:42:26','Menu Permission','Menupermission',8,'Delete & Insert','Menupermission/AssignMenu',1,'admin_menu_permission','Firefox','Windows 7',NULL,NULL,'::1',NULL,NULL),(60,'2020-11-05 11:42:26','Menu Permission','Menupermission',8,'Delete & Insert','Menupermission/AssignMenu',1,'admin_menu_permission','Firefox','Windows 7',NULL,NULL,'::1',NULL,NULL),(61,'2020-11-05 11:42:26','Menu Permission','Menupermission',8,'Delete & Insert','Menupermission/AssignMenu',1,'admin_menu_permission','Firefox','Windows 7',NULL,NULL,'::1',NULL,NULL),(62,'2020-11-05 11:58:49','Menu Permission','Menupermission',8,'Delete & Insert','Menupermission/AssignMenu',1,'admin_menu_permission','Firefox','Windows 7',NULL,NULL,'::1',NULL,NULL),(63,'2020-11-05 11:58:49','Menu Permission','Menupermission',8,'Delete & Insert','Menupermission/AssignMenu',1,'admin_menu_permission','Firefox','Windows 7',NULL,NULL,'::1',NULL,NULL),(64,'2020-11-05 11:58:49','Menu Permission','Menupermission',8,'Delete & Insert','Menupermission/AssignMenu',1,'admin_menu_permission','Firefox','Windows 7',NULL,NULL,'::1',NULL,NULL),(65,'2020-11-05 11:58:49','Menu Permission','Menupermission',8,'Delete & Insert','Menupermission/AssignMenu',1,'admin_menu_permission','Firefox','Windows 7',NULL,NULL,'::1',NULL,NULL),(66,'2020-11-05 11:59:14','Menu Permission','Menupermission',1,'Delete & Insert','Menupermission/AssignMenu',1,'admin_menu_permission','Firefox','Windows 7',NULL,NULL,'::1',NULL,NULL),(67,'2020-11-05 11:59:14','Menu Permission','Menupermission',1,'Delete & Insert','Menupermission/AssignMenu',1,'admin_menu_permission','Firefox','Windows 7',NULL,NULL,'::1',NULL,NULL),(68,'2020-11-05 11:59:38','Menu Permission','Menupermission',8,'Delete & Insert','Menupermission/AssignMenu',1,'admin_menu_permission','Firefox','Windows 7',NULL,NULL,'::1',NULL,NULL),(69,'2020-11-05 11:59:38','Menu Permission','Menupermission',8,'Delete & Insert','Menupermission/AssignMenu',1,'admin_menu_permission','Firefox','Windows 7',NULL,NULL,'::1',NULL,NULL),(70,'2020-11-05 11:59:38','Menu Permission','Menupermission',8,'Delete & Insert','Menupermission/AssignMenu',1,'admin_menu_permission','Firefox','Windows 7',NULL,NULL,'::1',NULL,NULL),(71,'2020-11-07 09:02:07','Update Company Master','Create Company',NULL,'Insert','Createcompany/createcompany_action',1,'company_master','Firefox','Windows 7',NULL,NULL,'::1',NULL,NULL),(72,'2020-11-07 09:07:42','Update Company Master','Create Company',NULL,'Update','Createcompany/createcompany_action',1,'company_master','Firefox','Windows 7','{\"comany_id\":\"9\",\"company_name\":\"Anil &amp; Co.\",\"company_address\":null,\"company_phone\":null,\"GISTN_no\":\"\",\"registration_no\":\"18635\",\"is_parrent\":\"N\",\"logo_name\":\"asdad5fa5424568e771604665925.jpg\",\"short_name\":\"da\",\"is_active\":\"Y\",\"created_date\":\"2020-11-06 18:02:05\",\"created_by\":\"1\"}','{\"company_name\":\"Anil &amp; Co.\",\"short_name\":\"da\",\"logo_name\":\"asdad5fa5424568e771604665925.jpg\",\"is_parrent\":\"N\",\"is_active\":\"Y\"}','::1',NULL,NULL),(73,'2020-11-07 09:08:41','Update Company Master','Create Company',NULL,'Update','Createcompany/createcompany_action',1,'company_master','Firefox','Windows 7','{\"comany_id\":\"9\",\"company_name\":\"Anil &amp; Co.\",\"company_address\":null,\"company_phone\":null,\"GISTN_no\":\"\",\"registration_no\":\"18635\",\"is_parrent\":\"N\",\"logo_name\":\"da5fa616c10501b1604720321.jpg\",\"short_name\":\"da\",\"is_active\":\"Y\",\"created_date\":\"2020-11-06 18:02:05\",\"created_by\":\"1\"}','{\"company_name\":\"Anil &amp; Co.\",\"short_name\":\"da\",\"logo_name\":\"da5fa616c10501b1604720321.jpg\",\"is_parrent\":\"N\",\"is_active\":\"Y\"}','::1',NULL,NULL),(74,'2020-11-07 09:12:04','Update Company Master','Create Company',NULL,'Update','Createcompany/createcompany_action',1,'company_master','Firefox','Windows 7','{\"comany_id\":\"9\",\"company_name\":\"Anil &amp; Co.\",\"company_address\":null,\"company_phone\":null,\"GISTN_no\":\"\",\"registration_no\":\"18635\",\"is_parrent\":\"N\",\"logo_name\":\"da5fa616c10501b1604720321.jpg\",\"short_name\":\"da\",\"is_active\":\"Y\",\"created_date\":\"2020-11-06 18:02:05\",\"created_by\":\"1\"}','{\"company_name\":\"Anil &amp; Co.\",\"short_name\":\"da\",\"logo_name\":\"da5fa6178c8ac271604720524.jpg\",\"is_parrent\":\"N\",\"is_active\":\"Y\"}','::1',NULL,NULL),(75,'2020-11-07 09:13:16','Update Company Master','Create Company',9,'Update','Createcompany/createcompany_action',1,'company_master','Firefox','Windows 7','{\"comany_id\":\"9\",\"company_name\":\"Anil &amp; Co.\",\"company_address\":null,\"company_phone\":null,\"GISTN_no\":\"\",\"registration_no\":\"18635\",\"is_parrent\":\"N\",\"logo_name\":\"da5fa6178c8ac271604720524.jpg\",\"short_name\":\"da\",\"is_active\":\"Y\",\"created_date\":\"2020-11-06 18:02:05\",\"created_by\":\"1\"}','{\"company_name\":\"Anil &amp; Co.\",\"short_name\":\"da\",\"logo_name\":\"da5fa6178c8ac271604720524.jpg\",\"is_parrent\":\"N\",\"is_active\":\"Y\"}','::1',NULL,NULL),(76,'2020-11-07 09:14:43','Add Company Master','Create Company',10,'Insert','Createcompany/createcompany_action',1,'company_master','Firefox','Windows 7','','{\"company_name\":\"ASD\",\"registration_no\":79875,\"short_name\":\"AD\",\"logo_name\":\"AD5fa6182b138ce1604720683.jpg\",\"is_parrent\":\"N\",\"is_active\":\"Y\",\"created_date\":\"2020-11-07 09:14:43\",\"created_by\":\"1\"}','::1',NULL,NULL),(77,'2020-11-07 09:15:40','Menu Permission','Menupermission',8,'Delete & Insert','Menupermission/AssignMenu',1,'admin_menu_permission','Firefox','Windows 7','','','::1',NULL,NULL),(78,'2020-11-07 09:15:40','Menu Permission','Menupermission',8,'Delete & Insert','Menupermission/AssignMenu',1,'admin_menu_permission','Firefox','Windows 7','','','::1',NULL,NULL),(79,'2020-11-07 09:15:40','Menu Permission','Menupermission',8,'Delete & Insert','Menupermission/AssignMenu',1,'admin_menu_permission','Firefox','Windows 7','','','::1',NULL,NULL),(80,'2020-11-07 09:15:41','Menu Permission','Menupermission',8,'Delete & Insert','Menupermission/AssignMenu',1,'admin_menu_permission','Firefox','Windows 7','','','::1',NULL,NULL),(81,'2020-11-07 10:01:03','Update Company Master','Create Company',NULL,'Update','Createcompany/createcompany_action',1,'company_master','Firefox','Windows 7','[]','{\"company_name\":null,\"short_name\":null,\"logo_name\":null,\"is_parrent\":\"N\",\"is_active\":\"Y\"}','::1',NULL,NULL),(82,'2020-11-07 10:01:38','Update Company Master','Create Company',NULL,'Update','Createcompany/createcompany_action',1,'company_master','Firefox','Windows 7','[]','{\"company_name\":null,\"short_name\":null,\"logo_name\":null,\"is_parrent\":\"N\",\"is_active\":\"Y\"}','::1',NULL,NULL),(83,'2020-11-07 10:02:50','Update Company Master','Create Company',NULL,'Update','Createcompany/createcompany_action',1,'company_master','Firefox','Windows 7','[]','{\"company_name\":null,\"short_name\":null,\"logo_name\":null,\"is_parrent\":\"N\",\"is_active\":\"Y\"}','::1',NULL,NULL),(84,'2020-11-07 10:19:59','Add Company Master','Create Company',11,'Insert','Createcompany/createcompany_action',1,'company_master','Firefox','Windows 7','','{\"company_name\":\"aa\",\"registration_no\":20211,\"short_name\":\"aa\",\"logo_name\":\"\",\"is_parrent\":\"N\",\"is_active\":\"Y\",\"created_date\":\"2020-11-07 10:19:59\",\"created_by\":\"1\"}','::1',NULL,NULL),(85,'2020-11-07 11:47:41','Update Branch Master','Create Branch',NULL,'Update','Createbranch/createbranch_action',1,'branch_master','Firefox','Windows 7','{\"BRANCH_ID\":\"9\",\"BRANCH_CODE\":\"AB\",\"BRANCH_NAME\":\"ANY BRANCH\",\"LAST_SRL\":\"0\",\"E_SRL\":\"0\",\"company_id\":\"1\",\"branch_address\":\"\",\"is_active\":\"Y\",\"gst_no\":null,\"company_contact\":null,\"personal_contact\":null}','{\"BRANCH_CODE\":\"AN\",\"BRANCH_NAME\":\"ANY BRANCH\",\"company_id\":\"1\",\"branch_address\":\"dsdf\",\"is_active\":\"Y\",\"gst_no\":\"1234\",\"company_contact\":\"\",\"personal_contact\":\"123456\"}','::1',NULL,NULL),(86,'2020-11-07 11:47:56','Update Branch Master','Create Branch',NULL,'Update','Createbranch/createbranch_action',1,'branch_master','Firefox','Windows 7','{\"BRANCH_ID\":\"9\",\"BRANCH_CODE\":\"AN\",\"BRANCH_NAME\":\"ANY BRANCH\",\"LAST_SRL\":\"0\",\"E_SRL\":\"0\",\"company_id\":\"1\",\"branch_address\":\"dsdf\",\"is_active\":\"Y\",\"gst_no\":\"1234\",\"company_contact\":\"\",\"personal_contact\":\"123456\"}','{\"BRANCH_CODE\":\"AB\",\"BRANCH_NAME\":\"ANY BRANCH\",\"company_id\":\"1\",\"branch_address\":\"dsdf\",\"is_active\":\"Y\",\"gst_no\":\"1234\",\"company_contact\":\"\",\"personal_contact\":\"123456\"}','::1',NULL,NULL),(87,'2020-11-07 11:54:22','Update Branch Master','Create Branch',NULL,'Update','Createbranch/createbranch_action',1,'branch_master','Firefox','Windows 7','{\"BRANCH_ID\":\"3\",\"BRANCH_CODE\":\"BP\",\"BRANCH_NAME\":\"BARRACKPORE\",\"LAST_SRL\":\"304\",\"E_SRL\":\"10\",\"company_id\":\"1\",\"branch_address\":\"4\\/2, S.N. Banerjee Road, Kolkata- 700 120\",\"is_active\":\"Y\",\"gst_no\":null,\"company_contact\":null,\"personal_contact\":null}','{\"BRANCH_CODE\":\"BD\",\"BRANCH_NAME\":\"BARRACKPOREH\",\"company_id\":\"1\",\"branch_address\":\"4\\/2, S.N. Banerjee Road, Kolkata- 700 120\",\"is_active\":\"Y\",\"gst_no\":\"1234\",\"company_contact\":\"\",\"personal_contact\":\"22222222\"}','::1',NULL,NULL),(88,'2020-11-07 11:54:38','Update Branch Master','Create Branch',NULL,'Update','Createbranch/createbranch_action',1,'branch_master','Firefox','Windows 7','{\"BRANCH_ID\":\"3\",\"BRANCH_CODE\":\"BD\",\"BRANCH_NAME\":\"BARRACKPOREH\",\"LAST_SRL\":\"304\",\"E_SRL\":\"10\",\"company_id\":\"1\",\"branch_address\":\"4\\/2, S.N. Banerjee Road, Kolkata- 700 120\",\"is_active\":\"Y\",\"gst_no\":\"1234\",\"company_contact\":\"\",\"personal_contact\":\"22222222\"}','{\"BRANCH_CODE\":\"BP\",\"BRANCH_NAME\":\"BARRACKPORE\",\"company_id\":\"1\",\"branch_address\":\"4\\/2, S.N. Banerjee Road, Kolkata- 700 120\",\"is_active\":\"Y\",\"gst_no\":\"1234\",\"company_contact\":\"\",\"personal_contact\":\"22222222\"}','::1',NULL,NULL),(89,'2020-11-07 11:55:35','Update Branch Master','Create Branch',NULL,'Update','Createbranch/createbranch_action',1,'branch_master','Firefox','Windows 7','{\"BRANCH_ID\":\"3\",\"BRANCH_CODE\":\"BP\",\"BRANCH_NAME\":\"BARRACKPORE\",\"LAST_SRL\":\"304\",\"E_SRL\":\"10\",\"company_id\":\"1\",\"branch_address\":\"4\\/2, S.N. Banerjee Road, Kolkata- 700 120\",\"is_active\":\"Y\",\"gst_no\":\"1234\",\"company_contact\":\"\",\"personal_contact\":\"22222222\"}','{\"BRANCH_CODE\":\"BP\",\"BRANCH_NAME\":\"BARRACKPORE\",\"company_id\":\"1\",\"branch_address\":\"4\\/2, S.N. Banerjee Road, Kolkata- 700 120\",\"is_active\":\"Y\",\"gst_no\":\"\",\"company_contact\":\"\",\"personal_contact\":\"\"}','::1',NULL,NULL),(90,'2020-11-07 11:55:51','Update Branch Master','Create Branch',NULL,'Update','Createbranch/createbranch_action',1,'branch_master','Firefox','Windows 7','{\"BRANCH_ID\":\"9\",\"BRANCH_CODE\":\"AB\",\"BRANCH_NAME\":\"ANY BRANCH\",\"LAST_SRL\":\"0\",\"E_SRL\":\"0\",\"company_id\":\"1\",\"branch_address\":\"dsdf\",\"is_active\":\"Y\",\"gst_no\":\"1234\",\"company_contact\":\"\",\"personal_contact\":\"123456\"}','{\"BRANCH_CODE\":\"AB\",\"BRANCH_NAME\":\"ANY BRANCH\",\"company_id\":\"1\",\"branch_address\":\"a\",\"is_active\":\"Y\",\"gst_no\":\"\",\"company_contact\":\"\",\"personal_contact\":\"\"}','::1',NULL,NULL),(91,'2020-11-07 12:14:19','Menu Permission','Menupermission',8,'Delete & Insert','Menupermission/AssignMenu',1,'admin_menu_permission','Firefox','Windows 7','','','::1',NULL,NULL),(92,'2020-11-07 12:14:20','Menu Permission','Menupermission',8,'Delete & Insert','Menupermission/AssignMenu',1,'admin_menu_permission','Firefox','Windows 7','','','::1',NULL,NULL),(93,'2020-11-07 12:14:20','Menu Permission','Menupermission',8,'Delete & Insert','Menupermission/AssignMenu',1,'admin_menu_permission','Firefox','Windows 7','','','::1',NULL,NULL),(94,'2020-11-07 12:14:20','Menu Permission','Menupermission',8,'Delete & Insert','Menupermission/AssignMenu',1,'admin_menu_permission','Firefox','Windows 7','','','::1',NULL,NULL),(95,'2020-11-07 12:14:20','Menu Permission','Menupermission',8,'Delete & Insert','Menupermission/AssignMenu',1,'admin_menu_permission','Firefox','Windows 7','','','::1',NULL,NULL),(96,'2020-11-07 12:14:20','Menu Permission','Menupermission',8,'Delete & Insert','Menupermission/AssignMenu',1,'admin_menu_permission','Firefox','Windows 7','','','::1',NULL,NULL),(97,'2020-11-09 12:05:33','Update Company Master','Create Company',7,'Update','Createcompany/createcompany_action',1,'company_master','Firefox','Windows 7','{\"comany_id\":\"7\",\"company_name\":\"XYZ Pvt Ltd\",\"company_address\":null,\"company_phone\":null,\"company_email\":null,\"GISTN_no\":\"\",\"registration_no\":\"10601\",\"is_parrent\":\"N\",\"logo_name\":\"XY5fa541407d2b71604665664.jpg\",\"short_name\":\"XY\",\"is_active\":\"Y\",\"created_date\":\"0000-00-00 00:00:00\",\"created_by\":\"1\"}','{\"company_name\":\"XYZ Pvt Ltd\",\"short_name\":\"XY\",\"company_phone\":\"8910088950\",\"company_email\":\"anilk6385@gmail.com\",\"logo_name\":\"XY5fa541407d2b71604665664.jpg\",\"is_parrent\":\"N\",\"is_active\":\"Y\"}','::1',NULL,NULL),(98,'2020-11-09 12:15:22','Active Company Name','Create Company',NULL,'Active','createcompany/activecompany',1,'company_master','Firefox','Windows 7','','','::1',NULL,NULL),(99,'2020-11-09 12:16:28','Active Company Name','Create Company',NULL,'Active','createcompany/activecompany',1,'company_master','Firefox','Windows 7','','','::1',NULL,NULL),(100,'2020-11-09 12:17:02','Active Company Name','Create Company',7,'Active','createcompany/activecompany',1,'company_master','Firefox','Windows 7','','','::1',NULL,NULL),(101,'2020-11-09 12:17:11','Active Company Name','Create Company',7,'Active','createcompany/activecompany',1,'company_master','Firefox','Windows 7','','','::1',NULL,NULL),(102,'2020-11-09 12:21:53','Active Company Name','Create Company',7,'Active','createcompany/activecompany',1,'company_master','Firefox','Windows 7','','','::1',NULL,NULL),(103,'2020-11-09 12:21:59','Update Company Master','Create Company',7,'Update','Createcompany/createcompany_action',1,'company_master','Firefox','Windows 7','{\"comany_id\":\"7\",\"company_name\":\"XYZ Pvt Ltd\",\"company_address\":null,\"company_phone\":\"8910088950\",\"company_email\":\"anilk6385@gmail.com\",\"GISTN_no\":\"\",\"registration_no\":\"10601\",\"is_parrent\":\"N\",\"logo_name\":\"XY5fa541407d2b71604665664.jpg\",\"short_name\":\"XY\",\"is_active\":\"Y\",\"created_date\":\"0000-00-00 00:00:00\",\"created_by\":\"1\"}','{\"company_name\":\"XYZ Pvt Ltd\",\"short_name\":\"XY\",\"company_phone\":\"8910088950\",\"company_email\":\"anilk6385@gmail.com\",\"logo_name\":\"XY5fa541407d2b71604665664.jpg\",\"is_parrent\":\"N\",\"is_active\":\"Y\"}','::1',NULL,NULL),(104,'2020-11-09 12:22:02','Active Company Name','Create Company',7,'Active','createcompany/activecompany',1,'company_master','Firefox','Windows 7','','','::1',NULL,NULL),(105,'2020-11-09 12:22:06','Update Company Master','Create Company',7,'Update','Createcompany/createcompany_action',1,'company_master','Firefox','Windows 7','{\"comany_id\":\"7\",\"company_name\":\"XYZ Pvt Ltd\",\"company_address\":null,\"company_phone\":\"8910088950\",\"company_email\":\"anilk6385@gmail.com\",\"GISTN_no\":\"\",\"registration_no\":\"10601\",\"is_parrent\":\"N\",\"logo_name\":\"XY5fa541407d2b71604665664.jpg\",\"short_name\":\"XY\",\"is_active\":\"N\",\"created_date\":\"0000-00-00 00:00:00\",\"created_by\":\"1\"}','{\"company_name\":\"XYZ Pvt Ltd\",\"short_name\":\"XY\",\"company_phone\":\"8910088950\",\"company_email\":\"anilk6385@gmail.com\",\"logo_name\":\"XY5fa541407d2b71604665664.jpg\",\"is_parrent\":\"N\",\"is_active\":\"Y\"}','::1',NULL,NULL),(106,'2020-11-09 12:22:09','Active Company Name','Create Company',1,'Active','createcompany/activecompany',1,'company_master','Firefox','Windows 7','','','::1',NULL,NULL),(107,'2020-11-09 12:22:12','Active Company Name','Create Company',1,'Active','createcompany/activecompany',1,'company_master','Firefox','Windows 7','','','::1',NULL,NULL),(108,'2020-11-09 12:22:16','Active Company Name','Create Company',1,'Active','createcompany/activecompany',1,'company_master','Firefox','Windows 7','','','::1',NULL,NULL),(109,'2020-11-09 12:23:28','Update Branch Master','Create Branch',NULL,'Update','Createbranch/createbranch_action',1,'branch_master','Firefox','Windows 7','{\"BRANCH_ID\":\"3\",\"BRANCH_CODE\":\"BP\",\"BRANCH_NAME\":\"BARRACKPORE\",\"LAST_SRL\":\"304\",\"E_SRL\":\"10\",\"company_id\":\"1\",\"branch_address\":\"4\\/2, S.N. Banerjee Road, Kolkata- 700 120\",\"is_active\":\"Y\",\"gst_no\":\"\",\"company_contact\":\"\",\"personal_contact\":\"\",\"created_dt\":null,\"created_by\":null}','{\"BRANCH_CODE\":\"BP\",\"BRANCH_NAME\":\"BARRACKPORE\",\"company_id\":\"1\",\"branch_address\":\"4\\/2, S.N. Banerjee Road, Kolkata- 700 120\",\"is_active\":\"Y\",\"gst_no\":\"\",\"company_contact\":\"\",\"personal_contact\":\"Anil\"}','::1',NULL,NULL),(110,'2020-11-09 12:26:17','Update Branch Master','Create Branch',3,'Update','Createbranch/createbranch_action',1,'branch_master','Firefox','Windows 7','{\"BRANCH_ID\":\"3\",\"BRANCH_CODE\":\"BP\",\"BRANCH_NAME\":\"BARRACKPORE\",\"LAST_SRL\":\"304\",\"E_SRL\":\"10\",\"company_id\":\"1\",\"branch_address\":\"4\\/2, S.N. Banerjee Road, Kolkata- 700 120\",\"is_active\":\"Y\",\"gst_no\":\"\",\"company_contact\":\"\",\"contact_person\":\"Anil\",\"created_dt\":null,\"created_by\":null}','{\"BRANCH_CODE\":\"BP\",\"BRANCH_NAME\":\"BARRACKPORE\",\"company_id\":\"1\",\"branch_address\":\"4\\/2, S.N. Banerjee Road, Kolkata- 700 120\",\"is_active\":\"Y\",\"gst_no\":\"\",\"company_contact\":\"\",\"contact_person\":\"\"}','::1',NULL,NULL),(111,'2020-11-09 12:34:35','Inactive Branch','Create Branch',9,'Inactive','createbranch/activebranch',1,'branch_master','Firefox','Windows 7','','','::1',NULL,NULL),(112,'2020-11-09 12:34:39','Active Branch','Create Branch',9,'Active','createbranch/activebranch',1,'branch_master','Firefox','Windows 7','','','::1',NULL,NULL),(113,'2020-11-09 12:34:42','Inactive Branch','Create Branch',9,'Inactive','createbranch/activebranch',1,'branch_master','Firefox','Windows 7','','','::1',NULL,NULL),(114,'2020-11-09 14:56:02','Inactive Wing','Enquiry Wings',1,'Inactive','enquirywing/inactivewing',1,'branch_master','Firefox','Windows 7','','','::1',1,3),(115,'2020-11-09 14:56:04','Active Wing','Enquiry Wings',1,'Active','enquirywing/activewing',1,'enquiry_wings','Firefox','Windows 7','','','::1',1,3),(116,'2020-11-09 15:06:39','Add Wing','Enquiry Wings',19,'Insert','enquirywing/addedit_action',1,'enquiry_wings','Firefox','Windows 7','','{\"wing_name\":\"GY\",\"short_description\":\"sd\",\"is_active\":\"Y\"}','::1',1,3),(117,'2020-11-09 15:07:23','Add Wing','Enquiry Wings',20,'Insert','enquirywing/addedit_action',1,'enquiry_wings','Firefox','Windows 7','','{\"wing_name\":\"GYD\",\"short_description\":\"dd\",\"is_active\":\"Y\"}','::1',1,3),(118,'2020-11-09 15:07:44','Add Wing','Enquiry Wings',21,'Insert','enquirywing/addedit_action',1,'enquiry_wings','Firefox','Windows 7','','{\"wing_name\":\"SSS\",\"short_description\":\"\",\"is_active\":\"Y\"}','::1',1,3),(119,'2020-11-09 15:10:35','Add Wing','Enquiry Wings',22,'Insert','enquirywing/addedit_action',1,'enquiry_wings','Firefox','Windows 7','','{\"wing_name\":\"ZX\",\"short_description\":\"\",\"is_active\":\"Y\"}','::1',1,3),(120,'2020-11-09 15:10:46','Inactive Wing','Enquiry Wings',20,'Inactive','enquirywing/inactivewing',1,'branch_master','Firefox','Windows 7','','','::1',1,3),(121,'2020-11-09 15:10:52','Inactive Wing','Enquiry Wings',10,'Inactive','enquirywing/inactivewing',1,'branch_master','Firefox','Windows 7','','','::1',1,3),(122,'2020-11-09 15:12:23','Active Wing','Enquiry Wings',10,'Active','enquirywing/activewing',1,'enquiry_wings','Firefox','Windows 7','','','::1',1,3),(123,'2020-11-09 15:12:33','Inactive Wing','Enquiry Wings',10,'Inactive','enquirywing/inactivewing',1,'enquiry_wings','Firefox','Windows 7','','','::1',1,3),(124,'2020-11-09 15:16:08','Update Wing','Enquiry Wings',22,'Update','enquirywing/addedit_action',1,'enquiry_wings','Firefox','Windows 7','{\"wing_id\":\"22\",\"wing_name\":\"ZX\",\"short_description\":\"\",\"is_active\":\"Y\"}','{\"wing_name\":\"GM\",\"short_description\":\"\",\"is_active\":\"Y\"}','::1',1,3),(125,'2020-11-09 15:16:19','Update Wing','Enquiry Wings',22,'Update','enquirywing/addedit_action',1,'enquiry_wings','Firefox','Windows 7','{\"wing_id\":\"22\",\"wing_name\":\"GM\",\"short_description\":\"\",\"is_active\":\"Y\"}','{\"wing_name\":\"GM\",\"short_description\":\"dff\",\"is_active\":\"Y\"}','::1',1,3),(126,'2020-11-10 08:58:37','Update Wing','Enquiry Wings',NULL,'Update','enquirywing/addedit_action',1,'enquiry_wings','Firefox','Windows 7','[]','{\"wing_name\":\"\",\"short_description\":null,\"is_active\":\"Y\"}','::1',1,3),(127,'2020-11-10 09:38:08','Add Enquiry','Enquiry',177743,'Insert','enquiry/addedit_action',1,'enquiry_master','Firefox','Windows 7','','{\"DATE_OF_ENQ\":\"2020-11-10\",\"FIRST_NAME\":\"ANIL\",\"LAST_NAME\":\"SHAW\",\"ADDRESS\":\"Bauria\",\"LOCATION\":\"\",\"PIN\":\"3\",\"REMARKS\":\"Test\",\"MOBILE1\":\"8910088950\",\"MOBILE2\":\"9883535635\",\"EMAIL\":\"anilk@gmail.com\",\"FOLLOWUP_DATE\":\"2020-11-11\",\"IS_OPEN\":\"Y\",\"BRANCH_CODE\":\"BP\",\"user_id\":\"2\",\"for_the_wing\":\"GYM\",\"enq_from\":\"\",\"BRANCH_ID\":\"3\",\"company_id\":\"1\"}','::1',1,3),(128,'2020-11-10 09:46:31','Add Enquiry','Enquiry',177744,'Insert','enquiry/addedit_action',1,'enquiry_master','Firefox','Windows 7','','{\"DATE_OF_ENQ\":\"2020-11-10\",\"FIRST_NAME\":\"VC\",\"LAST_NAME\":\"VBCV\",\"ADDRESS\":\"adfa\",\"LOCATION\":\"\",\"PIN\":\"2\",\"REMARKS\":\"fadf\",\"MOBILE1\":\"adfa\",\"MOBILE2\":\"dfa\",\"EMAIL\":\"\",\"FOLLOWUP_DATE\":\"2020-11-10\",\"IS_OPEN\":\"Y\",\"BRANCH_CODE\":\"IS\",\"user_id\":\"3\",\"for_the_wing\":\"GYM\",\"enq_from\":\"\",\"BRANCH_ID\":\"2\",\"company_id\":\"1\"}','::1',1,3),(129,'2020-11-10 09:46:51','Add Enquiry','Enquiry',177745,'Insert','enquiry/addedit_action',1,'enquiry_master','Firefox','Windows 7','','{\"DATE_OF_ENQ\":\"2020-11-10\",\"FIRST_NAME\":\"VC\",\"LAST_NAME\":\"VBCV\",\"ADDRESS\":\"adfa\",\"LOCATION\":\"\",\"PIN\":\"2\",\"REMARKS\":\"fadf\",\"MOBILE1\":\"adfa\",\"MOBILE2\":\"dfa\",\"EMAIL\":\"\",\"FOLLOWUP_DATE\":\"2020-11-10\",\"IS_OPEN\":\"Y\",\"BRANCH_CODE\":\"IS\",\"user_id\":\"3\",\"for_the_wing\":\"GYM\",\"enq_from\":\"\",\"BRANCH_ID\":\"2\",\"company_id\":\"1\"}','::1',1,3),(130,'2020-11-10 09:51:05','Add Enquiry','Enquiry',177746,'Insert','enquiry/addedit_action',1,'enquiry_master','Firefox','Windows 7','','{\"DATE_OF_ENQ\":\"2020-11-10\",\"FIRST_NAME\":\"ANI\",\"LAST_NAME\":\"SDA\",\"ADDRESS\":\"czx\",\"LOCATION\":\"\",\"PIN\":\"2\",\"REMARKS\":\"czc\",\"MOBILE1\":\"321456987\",\"MOBILE2\":\"1236547890\",\"EMAIL\":\"anil@gmail.com\",\"FOLLOWUP_DATE\":\"2020-11-20\",\"IS_OPEN\":\"Y\",\"BRANCH_CODE\":\"SN\",\"user_id\":\"5\",\"for_the_wing\":\"GYM\",\"enq_from\":\"\",\"BRANCH_ID\":\"1\",\"company_id\":\"1\"}','::1',1,3),(131,'2020-11-10 09:55:09','Add Enquiry','Enquiry',177747,'Insert','enquiry/addedit_action',1,'enquiry_master','Firefox','Windows 7','','{\"DATE_OF_ENQ\":\"2020-11-10\",\"FIRST_NAME\":\"ANIL\",\"LAST_NAME\":\"SHAW\",\"ADDRESS\":\"2sda\",\"LOCATION\":\"\",\"PIN\":\"2\",\"REMARKS\":\"adad\",\"MOBILE1\":\"1111\",\"MOBILE2\":\"22222\",\"EMAIL\":\"anil@gmail.com\",\"FOLLOWUP_DATE\":\"2020-11-11\",\"IS_OPEN\":\"Y\",\"BRANCH_CODE\":\"IS\",\"user_id\":\"5\",\"for_the_wing\":\"GYM\",\"enq_from\":\"\",\"BRANCH_ID\":\"2\",\"company_id\":\"1\"}','::1',1,3),(132,'2020-11-10 09:55:42','Add Enquiry','Enquiry',177748,'Insert','enquiry/addedit_action',1,'enquiry_master','Firefox','Windows 7','','{\"DATE_OF_ENQ\":\"2020-11-10\",\"FIRST_NAME\":\"ANIL\",\"LAST_NAME\":\"SHAW\",\"ADDRESS\":\"2sda\",\"LOCATION\":\"\",\"PIN\":\"2\",\"REMARKS\":\"adad\",\"MOBILE1\":\"1111\",\"MOBILE2\":\"22222\",\"EMAIL\":\"anil@gmail.com\",\"FOLLOWUP_DATE\":\"2020-11-11\",\"IS_OPEN\":\"Y\",\"BRANCH_CODE\":\"IS\",\"user_id\":\"5\",\"for_the_wing\":\"GYM\",\"enq_from\":\"\",\"BRANCH_ID\":\"2\",\"company_id\":\"1\"}','::1',1,3),(133,'2020-11-10 09:56:56','Add Enquiry','Enquiry',177749,'Insert','enquiry/addedit_action',1,'enquiry_master','Firefox','Windows 7','','{\"DATE_OF_ENQ\":\"2020-11-10\",\"FIRST_NAME\":\"ANIL\",\"LAST_NAME\":\"SHAW\",\"ADDRESS\":\"2sda\",\"LOCATION\":\"\",\"PIN\":\"2\",\"REMARKS\":\"adad\",\"MOBILE1\":\"1236547890\",\"MOBILE2\":\"1236547890\",\"EMAIL\":\"anil@gmail.com\",\"FOLLOWUP_DATE\":\"2020-11-11\",\"IS_OPEN\":\"Y\",\"BRANCH_CODE\":\"IS\",\"user_id\":\"5\",\"for_the_wing\":\"GYM\",\"enq_from\":\"\",\"BRANCH_ID\":\"2\",\"company_id\":\"1\"}','::1',1,3),(134,'2020-11-10 09:57:36','Add Enquiry','Enquiry',177750,'Insert','enquiry/addedit_action',1,'enquiry_master','Firefox','Windows 7','','{\"DATE_OF_ENQ\":\"2020-11-10\",\"FIRST_NAME\":\"FFFF\",\"LAST_NAME\":\"\",\"ADDRESS\":\"\",\"LOCATION\":\"\",\"PIN\":\"\",\"REMARKS\":\"\",\"MOBILE1\":\"\",\"MOBILE2\":\"\",\"EMAIL\":\"\",\"FOLLOWUP_DATE\":null,\"IS_OPEN\":\"Y\",\"BRANCH_CODE\":null,\"user_id\":\"\",\"for_the_wing\":\"\",\"enq_from\":\"\",\"BRANCH_ID\":\"\",\"company_id\":\"1\"}','::1',1,3),(135,'2020-11-10 09:59:05','Add Enquiry','Enquiry',177751,'Insert','enquiry/addedit_action',1,'enquiry_master','Firefox','Windows 7','','{\"DATE_OF_ENQ\":\"2020-11-10\",\"FIRST_NAME\":\"ANIL\",\"LAST_NAME\":\"123654\",\"ADDRESS\":\"vvc\",\"LOCATION\":\"\",\"PIN\":\"2\",\"REMARKS\":\"xcv\",\"MOBILE1\":\"8910088950\",\"MOBILE2\":\"9883535635\",\"EMAIL\":\"\",\"FOLLOWUP_DATE\":\"2020-11-11\",\"IS_OPEN\":\"Y\",\"BRANCH_CODE\":\"IS\",\"user_id\":\"3\",\"for_the_wing\":\"GYM\",\"enq_from\":\"\",\"BRANCH_ID\":\"2\",\"company_id\":\"1\"}','::1',1,3),(136,'2020-11-10 10:02:25','Add Enquiry','Enquiry',54191,'Insert','enquiry/addedit_action',1,'enquiry_master','Firefox','Windows 7','','{\"DATE_OF_ENQ\":\"2020-11-10\",\"FIRST_NAME\":\"DSA\",\"LAST_NAME\":\"ASD\",\"ADDRESS\":\"dcz\",\"LOCATION\":\"\",\"PIN\":\"2\",\"REMARKS\":\"cvxcv\",\"MOBILE1\":\"123654789\",\"MOBILE2\":\"321456987\",\"EMAIL\":\"\",\"FOLLOWUP_DATE\":\"2020-11-04\",\"IS_OPEN\":\"Y\",\"BRANCH_CODE\":\"IS\",\"user_id\":\"4\",\"for_the_wing\":\"GYM\",\"enq_from\":\"\",\"BRANCH_ID\":\"2\",\"company_id\":\"1\"}','::1',1,3),(137,'2020-11-10 10:03:12','Add Enquiry','Enquiry',54192,'Insert','enquiry/addedit_action',1,'enquiry_master','Firefox','Windows 7','','{\"DATE_OF_ENQ\":\"2020-11-10\",\"FIRST_NAME\":\"DSA\",\"LAST_NAME\":\"ASD\",\"ADDRESS\":\"dcz\",\"LOCATION\":\"\",\"PIN\":\"2\",\"REMARKS\":\"cvxcv\",\"MOBILE1\":\"123654789\",\"MOBILE2\":\"321456987\",\"EMAIL\":\"\",\"FOLLOWUP_DATE\":\"2020-11-04\",\"IS_OPEN\":\"Y\",\"BRANCH_CODE\":\"IS\",\"user_id\":\"4\",\"for_the_wing\":\"GYM\",\"enq_from\":\"\",\"BRANCH_ID\":\"2\",\"company_id\":\"1\"}','::1',1,3),(138,'2020-11-10 10:05:06','Add Enquiry','Enquiry',54193,'Insert','enquiry/addedit_action',1,'enquiry_master','Firefox','Windows 7','','{\"DATE_OF_ENQ\":\"2020-11-10\",\"FIRST_NAME\":\"ANIL\",\"LAST_NAME\":\"SHA\",\"ADDRESS\":\"123\",\"LOCATION\":\"\",\"PIN\":\"2\",\"REMARKS\":\"321\",\"MOBILE1\":\"789654123\",\"MOBILE2\":\"369852147\",\"EMAIL\":\"\",\"FOLLOWUP_DATE\":\"2020-11-10\",\"IS_OPEN\":\"Y\",\"BRANCH_CODE\":\"BP\",\"user_id\":\"19\",\"for_the_wing\":\"OLD MEMBER\",\"enq_from\":\"\",\"BRANCH_ID\":\"3\",\"company_id\":\"1\"}','::1',1,3),(139,'2020-11-10 10:05:32','Add Enquiry','Enquiry',54194,'Insert','enquiry/addedit_action',1,'enquiry_master','Firefox','Windows 7','','{\"DATE_OF_ENQ\":\"2020-11-10\",\"FIRST_NAME\":\"ANIL\",\"LAST_NAME\":\"SHA\",\"ADDRESS\":\"123\",\"LOCATION\":\"\",\"PIN\":\"2\",\"REMARKS\":\"321\",\"MOBILE1\":\"8910088950\",\"MOBILE2\":\"9883535635\",\"EMAIL\":\"\",\"FOLLOWUP_DATE\":\"2020-11-10\",\"IS_OPEN\":\"Y\",\"BRANCH_CODE\":\"BP\",\"user_id\":\"19\",\"for_the_wing\":\"OLD MEMBER\",\"enq_from\":\"\",\"BRANCH_ID\":\"3\",\"company_id\":\"1\"}','::1',1,3),(140,'2020-11-10 10:06:21','Add Enquiry','Enquiry',54195,'Insert','enquiry/addedit_action',1,'enquiry_master','Firefox','Windows 7','','{\"DATE_OF_ENQ\":\"2020-11-10\",\"FIRST_NAME\":\"SDFS\",\"LAST_NAME\":\"FS\",\"ADDRESS\":\"45245\",\"LOCATION\":\"\",\"PIN\":\"\",\"REMARKS\":\"254\",\"MOBILE1\":\"23252525224\",\"MOBILE2\":\"2342245254\",\"EMAIL\":\"\",\"FOLLOWUP_DATE\":\"2020-11-10\",\"IS_OPEN\":\"Y\",\"BRANCH_CODE\":\"SN\",\"user_id\":\"19\",\"for_the_wing\":\"INSTITUTE\",\"enq_from\":\"\",\"BRANCH_ID\":\"1\",\"company_id\":\"1\"}','::1',1,3),(141,'2020-11-10 10:06:57','Add Enquiry','Enquiry',54196,'Insert','enquiry/addedit_action',1,'enquiry_master','Firefox','Windows 7','','{\"DATE_OF_ENQ\":\"2020-11-10\",\"FIRST_NAME\":\"VCBC\",\"LAST_NAME\":\"BCV\",\"ADDRESS\":\"vbcv\",\"LOCATION\":\"\",\"PIN\":\"3\",\"REMARKS\":\"cvbcb\",\"MOBILE1\":\"45245244\",\"MOBILE2\":\"5425425245\",\"EMAIL\":\"\",\"FOLLOWUP_DATE\":\"2020-11-17\",\"IS_OPEN\":\"Y\",\"BRANCH_CODE\":\"IS\",\"user_id\":\"5\",\"for_the_wing\":\"INSTITUTE\",\"enq_from\":\"\",\"BRANCH_ID\":\"2\",\"company_id\":\"1\"}','::1',1,3),(142,'2020-11-10 10:40:55','Add Enquiry','Enquiry',54200,'Insert','enquiry/addedit_action',1,'enquiry_master','Firefox','Windows 7','','{\"DATE_OF_ENQ\":\"2020-11-10\",\"FIRST_NAME\":\"ANIL\",\"LAST_NAME\":\"SAR\",\"ADDRESS\":\"Bauria\",\"LOCATION\":\"Alipore\",\"PIN\":\"2\",\"REMARKS\":\"Test\",\"MOBILE1\":\"8910088950\",\"MOBILE2\":\"\",\"EMAIL\":\"anilk@gmail.com\",\"FOLLOWUP_DATE\":\"2020-11-10\",\"IS_OPEN\":\"Y\",\"BRANCH_CODE\":\"CM\",\"user_id\":\"2\",\"for_the_wing\":\"GYM\",\"enq_from\":\"\",\"BRANCH_ID\":\"11\",\"company_id\":\"1\"}','::1',1,3),(143,'2020-11-10 10:42:46','Add Enquiry','Enquiry',54201,'Insert','enquiry/addedit_action',1,'enquiry_master','Firefox','Windows 7','','{\"DATE_OF_ENQ\":\"2020-11-11\",\"FIRST_NAME\":\"SUNIL\",\"LAST_NAME\":\"LOK\",\"ADDRESS\":\"xcvxf\",\"LOCATION\":\"Armherst Street\",\"PIN\":\"3\",\"REMARKS\":\"vxb\",\"MOBILE1\":\"4353535454\",\"MOBILE2\":\"4535353\",\"EMAIL\":\"\",\"FOLLOWUP_DATE\":\"2020-11-11\",\"IS_OPEN\":\"Y\",\"BRANCH_CODE\":\"IS\",\"user_id\":\"2\",\"for_the_wing\":\"INSTITUTE\",\"enq_from\":\"\",\"BRANCH_ID\":\"2\",\"company_id\":\"1\"}','::1',1,3),(144,'2020-11-10 19:00:19','Menu Permission','Menupermission',1,'Delete & Insert','Menupermission/AssignMenu',14,'admin_menu_permission','Firefox','Windows 7','','','::1',1,3),(145,'2020-11-10 19:00:19','Menu Permission','Menupermission',1,'Delete & Insert','Menupermission/AssignMenu',14,'admin_menu_permission','Firefox','Windows 7','','','::1',1,3),(146,'2020-11-10 19:00:20','Menu Permission','Menupermission',1,'Delete & Insert','Menupermission/AssignMenu',14,'admin_menu_permission','Firefox','Windows 7','','','::1',1,3),(147,'2020-11-10 19:00:20','Menu Permission','Menupermission',1,'Delete & Insert','Menupermission/AssignMenu',14,'admin_menu_permission','Firefox','Windows 7','','','::1',1,3),(148,'2020-11-12 13:18:49','Add Feedback','Calling',177765,'Insert','enquiry/feedback_action',14,'enquiry_detail','Firefox','Windows 7','','{\"enq_id\":\"53666\",\"enq_date\":\"2020-11-12\",\"remarks_id\":\"2\",\"enq_remarks\":\"Anil\",\"followup_date\":\"2020-11-12\",\"branch_code\":\"CM\",\"user_id\":\"1\",\"for_the_wing\":\"RENEWAL\",\"branch_id\":\"11\",\"company_id\":\"1\"}','::1',1,3),(149,'2020-11-12 13:21:25','Add Feedback','Calling',177766,'Insert','enquiry/feedback_action',14,'enquiry_detail','Firefox','Windows 7','','{\"enq_id\":\"53666\",\"enq_date\":\"2020-11-12\",\"remarks_id\":\"2\",\"enq_remarks\":\"Test\",\"followup_date\":\"2020-11-12\",\"branch_code\":\"CM\",\"user_id\":\"4\",\"for_the_wing\":\"RENEWAL\",\"branch_id\":\"11\",\"company_id\":\"1\"}','::1',1,3),(150,'2020-11-12 13:30:57','Add Feedback','Calling',177767,'Insert','enquiry/feedback_action',14,'enquiry_detail','Firefox','Windows 7','','{\"enq_id\":\"53666\",\"enq_date\":\"2020-11-12\",\"remarks_id\":\"2\",\"enq_remarks\":\"sds\",\"followup_date\":\"2020-11-12\",\"branch_code\":\"CM\",\"user_id\":\"5\",\"for_the_wing\":\"RENEWAL\",\"branch_id\":\"11\",\"company_id\":\"1\"}','::1',1,3),(151,'2020-11-12 17:56:48','Add Enquiry','Enquiry',53666,'Update','enquiry/addedit_action',14,'enquiry_master','Firefox','Windows 7','{\"ID\":\"53666\",\"DATE_OF_ENQ\":\"2020-08-13\",\"FIRST_NAME\":\"ABHISHEK\",\"LAST_NAME\":\"DEY\",\"ADDRESS\":\"123\\/3 G L T RD KOL-35\",\"LOCATION\":\"Alambazar\",\"PIN\":\"84\",\"REMARKS\":\"will talk to his wife then inf\",\"MOBILE1\":\"9830430345\",\"MOBILE2\":\"\",\"EMAIL\":\"admin@vishnucot.com\",\"FOLLOWUP_DATE\":\"2020-08-19\",\"IS_OPEN\":\"Y\",\"ENQ_NO\":\"AD-9830430345-53666\",\"BRANCH_CODE\":\"CM\",\"user_id\":\"42\",\"for_the_wing\":\"RENEWAL\",\"sms_stat\":null,\"enq_from\":null,\"branch_id\":\"11\",\"company_id\":null}','{\"DATE_OF_ENQ\":\"2020-08-13\",\"FIRST_NAME\":\"ABHISHEK\",\"LAST_NAME\":\"DEY\",\"ADDRESS\":\"123\\/3 G L T RD KOL-35\",\"LOCATION\":\"Alambazar\",\"PIN\":\"84\",\"REMARKS\":\"will talk to his wife then inf\",\"MOBILE1\":\"8910088950\",\"MOBILE2\":\"\",\"EMAIL\":\"admin@vishnucot.com\",\"FOLLOWUP_DATE\":\"2020-08-19\",\"IS_OPEN\":\"Y\",\"BRANCH_CODE\":\"CM\",\"user_id\":\"42\",\"for_the_wing\":\"RENEWAL\",\"enq_from\":\"\",\"branch_id\":\"11\",\"company_id\":\"1\"}','::1',1,3),(152,'2020-11-12 17:57:00','Add Enquiry','Enquiry',53666,'Update','enquiry/addedit_action',14,'enquiry_master','Firefox','Windows 7','{\"ID\":\"53666\",\"DATE_OF_ENQ\":\"2020-08-13\",\"FIRST_NAME\":\"ABHISHEK\",\"LAST_NAME\":\"DEY\",\"ADDRESS\":\"123\\/3 G L T RD KOL-35\",\"LOCATION\":\"Alambazar\",\"PIN\":\"84\",\"REMARKS\":\"will talk to his wife then inf\",\"MOBILE1\":\"8910088950\",\"MOBILE2\":\"\",\"EMAIL\":\"admin@vishnucot.com\",\"FOLLOWUP_DATE\":\"2020-08-19\",\"IS_OPEN\":\"Y\",\"ENQ_NO\":\"AD-9830430345-53666\",\"BRANCH_CODE\":\"CM\",\"user_id\":\"42\",\"for_the_wing\":\"RENEWAL\",\"sms_stat\":null,\"enq_from\":\"\",\"branch_id\":\"11\",\"company_id\":\"1\"}','{\"DATE_OF_ENQ\":\"2020-08-13\",\"FIRST_NAME\":\"ABHISHEK\",\"LAST_NAME\":\"DEY\",\"ADDRESS\":\"123\\/3 G L T RD KOL-35\",\"LOCATION\":\"Alambazar\",\"PIN\":\"84\",\"REMARKS\":\"will talk to his wife then inf\",\"MOBILE1\":\"8910088950\",\"MOBILE2\":\"\",\"EMAIL\":\"admin@vishnucot.com\",\"FOLLOWUP_DATE\":\"2020-08-19\",\"IS_OPEN\":\"Y\",\"BRANCH_CODE\":\"CM\",\"user_id\":\"42\",\"for_the_wing\":\"RENEWAL\",\"enq_from\":\"\",\"branch_id\":\"11\",\"company_id\":\"1\"}','::1',1,3),(153,'2020-11-12 17:58:34','Add Enquiry','Enquiry',53666,'Update','enquiry/addedit_action',14,'enquiry_master','Firefox','Windows 7','{\"ID\":\"53666\",\"DATE_OF_ENQ\":\"2020-08-13\",\"FIRST_NAME\":\"ABHISHEK\",\"LAST_NAME\":\"DEY\",\"ADDRESS\":\"123\\/3 G L T RD KOL-35\",\"LOCATION\":\"Alambazar\",\"PIN\":\"84\",\"REMARKS\":\"will talk to his wife then inf\",\"MOBILE1\":\"8910088950\",\"MOBILE2\":\"\",\"EMAIL\":\"admin@vishnucot.com\",\"FOLLOWUP_DATE\":\"2020-08-19\",\"IS_OPEN\":\"Y\",\"ENQ_NO\":\"AD-9830430345-53666\",\"BRANCH_CODE\":\"CM\",\"user_id\":\"42\",\"for_the_wing\":\"RENEWAL\",\"sms_stat\":null,\"enq_from\":\"\",\"branch_id\":\"11\",\"company_id\":\"1\"}','{\"DATE_OF_ENQ\":\"2020-08-13\",\"FIRST_NAME\":\"ABHISHEK\",\"LAST_NAME\":\"DEY\",\"ADDRESS\":\"123\\/3 G L T RD KOL-35\",\"LOCATION\":\"Alambazar\",\"PIN\":\"84\",\"REMARKS\":\"will talk to his wife then inf\",\"MOBILE1\":\"8910088950\",\"MOBILE2\":\"\",\"EMAIL\":\"admin@vishnucot.com\",\"FOLLOWUP_DATE\":\"2020-08-19\",\"IS_OPEN\":\"Y\",\"BRANCH_CODE\":\"CM\",\"user_id\":\"42\",\"for_the_wing\":\"RENEWAL\",\"enq_from\":\"\",\"branch_id\":\"11\",\"company_id\":\"1\"}','::1',1,3),(154,'2020-11-12 17:59:03','Add Enquiry','Enquiry',53666,'Update','enquiry/addedit_action',14,'enquiry_master','Firefox','Windows 7','{\"ID\":\"53666\",\"DATE_OF_ENQ\":\"2020-08-13\",\"FIRST_NAME\":\"ABHISHEK\",\"LAST_NAME\":\"DEY\",\"ADDRESS\":\"123\\/3 G L T RD KOL-35\",\"LOCATION\":\"Alambazar\",\"PIN\":\"84\",\"REMARKS\":\"will talk to his wife then inf\",\"MOBILE1\":\"8910088950\",\"MOBILE2\":\"\",\"EMAIL\":\"admin@vishnucot.com\",\"FOLLOWUP_DATE\":\"2020-08-19\",\"IS_OPEN\":\"Y\",\"ENQ_NO\":\"AD-9830430345-53666\",\"BRANCH_CODE\":\"CM\",\"user_id\":\"42\",\"for_the_wing\":\"RENEWAL\",\"sms_stat\":null,\"enq_from\":\"\",\"branch_id\":\"11\",\"company_id\":\"1\"}','{\"DATE_OF_ENQ\":\"2020-08-13\",\"FIRST_NAME\":\"ABHISHEK\",\"LAST_NAME\":\"DEY\",\"ADDRESS\":\"123\\/3 G L T RD KOL-35\",\"LOCATION\":\"Alambazar\",\"PIN\":\"84\",\"REMARKS\":\"will talk to his wife then inf\",\"MOBILE1\":\"8910088950\",\"MOBILE2\":\"\",\"EMAIL\":\"admin@vishnucot.com\",\"FOLLOWUP_DATE\":\"2020-08-19\",\"IS_OPEN\":\"Y\",\"BRANCH_CODE\":\"CM\",\"user_id\":\"42\",\"for_the_wing\":\"RENEWAL\",\"enq_from\":\"\",\"branch_id\":\"11\",\"company_id\":\"1\"}','::1',1,3),(155,'2020-11-13 18:18:47','Add Wings Category','Wings Category',1,'Insert','wingscategory/addedit_action',14,'wings_category_master','Firefox','Windows 7','','{\"category_name\":\"web\",\"is_active\":\"Y\",\"branch_id\":\"3\",\"company_id\":\"1\",\"created_dt\":\"13-11-2020\"}','::1',1,3),(156,'2020-11-13 18:20:57','Inactive Wing Category','Wings Category',NULL,'Inactive','wingscategory/inactivewingcat',14,'wings_category_master','Firefox','Windows 7','','','::1',1,3),(157,'2020-11-13 18:21:38','Active Wing Category','Wings Category',NULL,'Active','wingscategory/activewing',14,'wings_category_master','Firefox','Windows 7','','','::1',1,3),(158,'2020-11-13 18:21:40','Inactive Wing Category','Wings Category',NULL,'Inactive','wingscategory/inactivewingcat',14,'wings_category_master','Firefox','Windows 7','','','::1',1,3),(159,'2020-11-13 18:21:42','Active Wing Category','Wings Category',NULL,'Active','wingscategory/activewing',14,'wings_category_master','Firefox','Windows 7','','','::1',1,3),(160,'2020-11-13 18:22:04','Inactive Wing Category','Wings Category',1,'Inactive','wingscategory/inactivewingcat',14,'wings_category_master','Firefox','Windows 7','','','::1',1,3),(161,'2020-11-13 18:22:05','Active Wing Category','Wings Category',1,'Active','wingscategory/activewing',14,'wings_category_master','Firefox','Windows 7','','','::1',1,3),(162,'2020-11-13 18:22:07','Inactive Wing Category','Wings Category',1,'Inactive','wingscategory/inactivewingcat',14,'wings_category_master','Firefox','Windows 7','','','::1',1,3),(163,'2020-11-13 18:22:09','Active Wing Category','Wings Category',1,'Active','wingscategory/activewing',14,'wings_category_master','Firefox','Windows 7','','','::1',1,3),(164,'2020-11-13 18:22:13','Add Wings Category','Wings Category',1,'Update','wingscategory/addedit_action',14,'wings_category_master','Firefox','Windows 7','{\"cat_id\":\"1\",\"category_name\":\"web\",\"is_active\":\"Y\",\"branch_id\":\"3\",\"company_id\":\"1\",\"created_dt\":\"0000-00-00 00:00:00\"}','{\"category_name\":\"web\",\"is_active\":\"Y\"}','::1',1,3),(165,'2020-11-13 18:23:03','Add Wings Category','Wings Category',1,'Update','wingscategory/addedit_action',14,'wings_category_master','Firefox','Windows 7','{\"cat_id\":\"1\",\"category_name\":\"web\",\"is_active\":\"Y\",\"branch_id\":\"3\",\"company_id\":\"1\",\"created_dt\":\"0000-00-00 00:00:00\"}','{\"category_name\":\"WEB\",\"is_active\":\"Y\"}','::1',1,3),(166,'2020-11-13 18:23:48','Add Wings Category','Wings Category',2,'Insert','wingscategory/addedit_action',14,'wings_category_master','Firefox','Windows 7','','{\"category_name\":\"WEB\",\"is_active\":\"Y\",\"branch_id\":\"3\",\"company_id\":\"1\",\"created_dt\":\"13-11-2020\"}','::1',1,3),(167,'2020-11-13 19:18:01','Active Wing','Enquiry Wings',1,'Active','enquirywing/activewing',14,'enquiry_wings','Firefox','Windows 7','','','::1',1,3),(168,'2020-11-13 19:18:05','Active Wing','Enquiry Wings',1,'Active','enquirywing/activewing',14,'enquiry_wings','Firefox','Windows 7','','','::1',1,3),(169,'2020-11-16 13:37:29','Active Wing','Enquiry Wings',1,'Active','enquirywing/activewing',14,'enquiry_wings','Firefox','Windows 7','','','127.0.0.1',1,3),(170,'2020-11-16 13:44:05','Inactive Wing','Enquiry Wings',1,'Inactive','enquirywing/inactivewing',14,'enquiry_wings','Firefox','Windows 7','','','127.0.0.1',1,3),(171,'2020-11-16 13:44:17','Active Wing','Enquiry Wings',1,'Active','enquirywing/activewing',14,'enquiry_wings','Firefox','Windows 7','','','127.0.0.1',1,3),(172,'2020-11-16 13:44:19','Inactive Wing','Enquiry Wings',1,'Inactive','enquirywing/inactivewing',14,'enquiry_wings','Firefox','Windows 7','','','127.0.0.1',1,3),(173,'2020-11-16 13:44:21','Active Wing','Enquiry Wings',1,'Active','enquirywing/activewing',14,'enquiry_wings','Firefox','Windows 7','','','127.0.0.1',1,3),(174,'2020-11-16 13:46:20','Add Wings Category','Wings Category',1,'Update','wingscategory/addedit_action',14,'wings_category_master','Firefox','Windows 7','{\"cat_id\":\"1\",\"category_name\":\"WEB\",\"is_active\":\"Y\",\"branch_id\":\"3\",\"company_id\":\"1\",\"created_dt\":\"0000-00-00 00:00:00\"}','{\"category_name\":\"WEB EQUIRY\",\"is_active\":\"Y\"}','127.0.0.1',1,3),(175,'2020-11-16 13:46:23','Inactive Wing Category','Wings Category',1,'Inactive','wingscategory/inactivewingcat',14,'wings_category_master','Firefox','Windows 7','','','127.0.0.1',1,3),(176,'2020-11-16 13:46:49','Active Wing Category','Wings Category',1,'Active','wingscategory/activewing',14,'wings_category_master','Firefox','Windows 7','','','127.0.0.1',1,3),(177,'2020-11-16 16:09:50','Add Enquiry','Enquiry',53709,'Update','enquiry/addedit_action',14,'enquiry_master','Firefox','Windows 7','{\"ID\":\"53709\",\"DATE_OF_ENQ\":\"2020-08-16\",\"FIRST_NAME\":\"TANUSREE\",\"LAST_NAME\":\"GORAI\",\"ADDRESS\":\"32A\\/37 SOUTHSINTHI ROAD\\r\\nKOL\",\"LOCATION\":\"Sinthee\",\"PIN\":\"88\",\"REMARKS\":\"ekhon asbe na....bari theke aste dichhe na.\",\"MOBILE1\":\"9830073838\",\"MOBILE2\":\"\",\"EMAIL\":\"goraitanusree7@gmail.com\",\"FOLLOWUP_DATE\":\"2020-11-16\",\"IS_OPEN\":\"Y\",\"ENQ_NO\":\"TG-9830073838-53709\",\"BRANCH_CODE\":\"CM\",\"user_id\":\"6\",\"for_the_wing\":\"RENEWAL\",\"sms_stat\":null,\"enq_from\":null,\"age\":null,\"gender\":null,\"wing_cat_id\":\"1\",\"wing_id\":\"4\",\"branch_id\":\"11\",\"company_id\":null}','{\"DATE_OF_ENQ\":\"2020-08-16\",\"FIRST_NAME\":\"TANUSREE\",\"LAST_NAME\":\"GORAI\",\"ADDRESS\":\"32A\\/37 SOUTHSINTHI ROAD\\r\\nKOL\",\"LOCATION\":\"Sinthee\",\"PIN\":\"88\",\"REMARKS\":\"ekhon asbe na....bari theke aste dichhe na.\",\"MOBILE1\":\"9830073838\",\"MOBILE2\":\"\",\"EMAIL\":\"goraitanusree7@gmail.com\",\"FOLLOWUP_DATE\":\"2020-11-16\",\"IS_OPEN\":\"Y\",\"BRANCH_CODE\":\"CM\",\"user_id\":\"6\",\"for_the_wing\":\"4\",\"enq_from\":\"\",\"age\":\"26\",\"gender\":\"M\",\"branch_id\":\"11\",\"company_id\":\"1\"}','::1',1,3),(178,'2020-11-16 16:10:18','Add Enquiry','Enquiry',53709,'Update','enquiry/addedit_action',14,'enquiry_master','Firefox','Windows 7','{\"ID\":\"53709\",\"DATE_OF_ENQ\":\"2020-08-16\",\"FIRST_NAME\":\"TANUSREE\",\"LAST_NAME\":\"GORAI\",\"ADDRESS\":\"32A\\/37 SOUTHSINTHI ROAD\\r\\nKOL\",\"LOCATION\":\"Sinthee\",\"PIN\":\"88\",\"REMARKS\":\"ekhon asbe na....bari theke aste dichhe na.\",\"MOBILE1\":\"9830073838\",\"MOBILE2\":\"\",\"EMAIL\":\"goraitanusree7@gmail.com\",\"FOLLOWUP_DATE\":\"2020-11-16\",\"IS_OPEN\":\"Y\",\"ENQ_NO\":\"TG-9830073838-53709\",\"BRANCH_CODE\":\"CM\",\"user_id\":\"6\",\"for_the_wing\":\"4\",\"sms_stat\":null,\"enq_from\":\"\",\"age\":\"26\",\"gender\":\"M\",\"wing_cat_id\":\"1\",\"wing_id\":\"4\",\"branch_id\":\"11\",\"company_id\":\"1\"}','{\"DATE_OF_ENQ\":\"2020-08-16\",\"FIRST_NAME\":\"TANUSREE\",\"LAST_NAME\":\"GORAI\",\"ADDRESS\":\"32A\\/37 SOUTHSINTHI ROAD\\r\\nKOL\",\"LOCATION\":\"Sinthee\",\"PIN\":\"88\",\"REMARKS\":\"ekhon asbe na....bari theke aste dichhe na.\",\"MOBILE1\":\"9830073838\",\"MOBILE2\":\"\",\"EMAIL\":\"goraitanusree7@gmail.com\",\"FOLLOWUP_DATE\":\"2020-11-16\",\"IS_OPEN\":\"Y\",\"BRANCH_CODE\":\"CM\",\"user_id\":\"6\",\"for_the_wing\":\"GYM\",\"enq_from\":\"\",\"age\":\"26\",\"gender\":\"F\",\"branch_id\":\"11\",\"company_id\":\"1\"}','::1',1,3),(179,'2020-11-16 16:17:30','Add Enquiry','Enquiry',53709,'Update','enquiry/addedit_action',14,'enquiry_master','Firefox','Windows 7','{\"ID\":\"53709\",\"DATE_OF_ENQ\":\"2020-08-16\",\"FIRST_NAME\":\"TANUSREE\",\"LAST_NAME\":\"GORAI\",\"ADDRESS\":\"32A\\/37 SOUTHSINTHI ROAD\\r\\nKOL\",\"LOCATION\":\"Sinthee\",\"PIN\":\"88\",\"REMARKS\":\"ekhon asbe na....bari theke aste dichhe na.\",\"MOBILE1\":\"9830073838\",\"MOBILE2\":\"\",\"EMAIL\":\"goraitanusree7@gmail.com\",\"FOLLOWUP_DATE\":\"2020-11-16\",\"IS_OPEN\":\"Y\",\"ENQ_NO\":\"TG-9830073838-53709\",\"BRANCH_CODE\":\"CM\",\"user_id\":\"6\",\"for_the_wing\":\"GYM\",\"sms_stat\":null,\"enq_from\":\"\",\"age\":\"26\",\"gender\":\"F\",\"wing_cat_id\":\"1\",\"wing_id\":\"4\",\"branch_id\":\"11\",\"company_id\":\"1\"}','{\"DATE_OF_ENQ\":\"2020-08-16\",\"FIRST_NAME\":\"TANUSREE\",\"LAST_NAME\":\"GORAI\",\"ADDRESS\":\"32A\\/37 SOUTHSINTHI ROAD\\r\\nKOL\",\"LOCATION\":\"Sinthee\",\"PIN\":\"88\",\"REMARKS\":\"ekhon asbe na....bari theke aste dichhe na.\",\"MOBILE1\":\"9830073838\",\"MOBILE2\":\"\",\"EMAIL\":\"goraitanusree7@gmail.com\",\"FOLLOWUP_DATE\":\"2020-11-16\",\"IS_OPEN\":\"Y\",\"BRANCH_CODE\":\"CM\",\"user_id\":\"6\",\"for_the_wing\":\"RENEWAL\",\"enq_from\":\"\",\"age\":\"26\",\"wing_cat_id\":\"1\",\"wing_id\":\"4\",\"gender\":\"F\",\"branch_id\":\"11\",\"company_id\":\"1\"}','::1',1,3),(180,'2020-11-16 16:17:49','Add Enquiry','Enquiry',53709,'Update','enquiry/addedit_action',14,'enquiry_master','Firefox','Windows 7','{\"ID\":\"53709\",\"DATE_OF_ENQ\":\"2020-08-16\",\"FIRST_NAME\":\"TANUSREE\",\"LAST_NAME\":\"GORAI\",\"ADDRESS\":\"32A\\/37 SOUTHSINTHI ROAD\\r\\nKOL\",\"LOCATION\":\"Sinthee\",\"PIN\":\"88\",\"REMARKS\":\"ekhon asbe na....bari theke aste dichhe na.\",\"MOBILE1\":\"9830073838\",\"MOBILE2\":\"\",\"EMAIL\":\"goraitanusree7@gmail.com\",\"FOLLOWUP_DATE\":\"2020-11-16\",\"IS_OPEN\":\"Y\",\"ENQ_NO\":\"TG-9830073838-53709\",\"BRANCH_CODE\":\"CM\",\"user_id\":\"6\",\"for_the_wing\":\"RENEWAL\",\"sms_stat\":null,\"enq_from\":\"\",\"age\":\"26\",\"gender\":\"F\",\"wing_cat_id\":\"1\",\"wing_id\":\"4\",\"branch_id\":\"11\",\"company_id\":\"1\"}','{\"DATE_OF_ENQ\":\"2020-08-16\",\"FIRST_NAME\":\"TANUSREE\",\"LAST_NAME\":\"GORAI\",\"ADDRESS\":\"32A\\/37 SOUTHSINTHI ROAD\\r\\nKOL\",\"LOCATION\":\"Sinthee\",\"PIN\":\"88\",\"REMARKS\":\"ekhon asbe na....bari theke aste dichhe na.\",\"MOBILE1\":\"9830073838\",\"MOBILE2\":\"\",\"EMAIL\":\"goraitanusree7@gmail.com\",\"FOLLOWUP_DATE\":\"2020-11-16\",\"IS_OPEN\":\"Y\",\"BRANCH_CODE\":\"CM\",\"user_id\":\"6\",\"for_the_wing\":\"RENEWAL\",\"enq_from\":\"\",\"age\":\"26\",\"wing_cat_id\":\"1\",\"wing_id\":\"4\",\"gender\":\"F\",\"branch_id\":\"11\",\"company_id\":\"1\"}','::1',1,3),(181,'2020-11-16 16:22:24','Add Feedback','Calling',177768,'Insert','enquiry/feedback_action',14,'enquiry_detail','Firefox','Windows 7','','{\"enq_id\":\"53709\",\"enq_date\":\"2020-11-16\",\"remarks_id\":\"2\",\"enq_remarks\":\"test\",\"followup_date\":\"2020-11-16\",\"branch_code\":\"CM\",\"user_id\":\"1\",\"for_the_wing\":\"RENEWAL\",\"wing_id\":\"4\",\"branch_id\":\"11\",\"company_id\":\"1\"}','::1',1,3);

/*Table structure for table `admin_menu_master` */

DROP TABLE IF EXISTS `admin_menu_master`;

CREATE TABLE `admin_menu_master` (
  `id` int(11) NOT NULL AUTO_INCREMENT,
  `menu_name` varchar(255) DEFAULT NULL,
  `menu_link` varchar(255) DEFAULT NULL,
  `is_parent` enum('P','C') DEFAULT NULL,
  `parent_id` int(11) DEFAULT NULL,
  `menu_srl` int(11) DEFAULT NULL,
  `is_active` enum('Y','N') DEFAULT 'Y',
  `created_on` datetime DEFAULT NULL,
  PRIMARY KEY (`id`)
) ENGINE=InnoDB AUTO_INCREMENT=23 DEFAULT CHARSET=utf8;

/*Data for the table `admin_menu_master` */

insert  into `admin_menu_master`(`id`,`menu_name`,`menu_link`,`is_parent`,`parent_id`,`menu_srl`,`is_active`,`created_on`) values (1,'User Management',NULL,'P',NULL,4,'Y','2020-11-04 10:13:58'),(2,'User','user','C',1,1,'Y','2020-11-04 10:14:26'),(3,'User Audit','useraudit','C',1,2,'Y','2020-11-04 10:14:54'),(4,'Menu Permission','menupermission','C',1,3,'Y','2020-11-04 10:15:21'),(5,'Franchisee',NULL,'P',NULL,1,'Y','2020-11-05 11:46:56'),(6,'Create Company','createcompany/addeditcompany','C',5,1,'Y','2020-11-05 11:48:27'),(7,'Create Branch','createbranch/addeditbranch','C',5,2,'Y','2020-11-07 08:57:38'),(8,'Front Office',NULL,'P',NULL,2,'Y','2020-11-09 12:40:38'),(9,'Masters',NULL,'C',8,1,'Y','2020-11-09 12:41:09'),(10,'Enquiry Wings','enquirywing','C',9,1,'Y','2020-11-09 12:43:07'),(11,'Enquiry','enquiry/addeditenquiry','C',8,2,'Y','2020-11-09 15:20:19'),(12,'Calling','enquiry','C',8,3,'Y','2020-11-10 13:11:39'),(13,'Wings Category','wingscategory/addeditcategory','C',9,2,'Y','2020-11-13 16:16:48'),(14,'Reports',NULL,'C',8,4,'Y','2020-11-16 16:46:57'),(15,'Member Attendance',NULL,'C',14,1,'Y','2020-11-16 16:48:22'),(16,'Employee Attendance',NULL,'C',14,2,'Y','2020-11-16 16:52:37'),(17,'Attendance(Individual)','memberattendance/addeditattendence','C',14,NULL,'Y','2020-11-16 16:53:45'),(18,'Attendance register','memberattendance/attendenceregister','C',15,1,'Y','2020-11-17 13:40:05'),(19,'Attendance register','employeeattendance/attendenceregister','C',16,1,'Y','2020-11-17 13:43:18'),(20,'Attendance register(With Time)','memberattendance/attendenceregisterwithtime','C',15,2,'Y','2020-11-17 17:36:31'),(21,'Attendance ranking','memberattendance/attendenceranking','C',15,3,'Y','2020-11-17 20:09:36'),(22,'Zero Attendance','memberattendance/zeroattendence','C',15,4,'Y','2020-11-18 15:52:05');

/*Table structure for table `admin_menu_permission` */

DROP TABLE IF EXISTS `admin_menu_permission`;

CREATE TABLE `admin_menu_permission` (
  `id` int(11) NOT NULL AUTO_INCREMENT,
  `menu_id` int(11) NOT NULL,
  `user_id` int(11) NOT NULL,
  `created_at` timestamp NOT NULL DEFAULT CURRENT_TIMESTAMP ON UPDATE CURRENT_TIMESTAMP,
  `updated_at` timestamp NOT NULL DEFAULT '0000-00-00 00:00:00',
  PRIMARY KEY (`id`)
) ENGINE=InnoDB AUTO_INCREMENT=66 DEFAULT CHARSET=utf8;

/*Data for the table `admin_menu_permission` */

insert  into `admin_menu_permission`(`id`,`menu_id`,`user_id`,`created_at`,`updated_at`) values (27,5,14,'2020-11-10 18:20:17','2020-11-05 11:59:14'),(28,6,14,'2020-11-10 18:20:18','2020-11-05 11:59:14'),(32,1,14,'2020-11-10 18:20:19','0000-00-00 00:00:00'),(33,2,14,'2020-11-10 18:20:20','0000-00-00 00:00:00'),(34,3,14,'2020-11-10 18:20:21','0000-00-00 00:00:00'),(35,4,14,'2020-11-10 18:20:22','0000-00-00 00:00:00'),(36,7,14,'2020-11-10 18:20:24','2020-11-07 08:57:52'),(41,1,8,'2020-11-07 12:14:19','2020-11-07 12:14:19'),(42,2,8,'2020-11-07 12:14:20','2020-11-07 12:14:20'),(43,3,8,'2020-11-07 12:14:20','2020-11-07 12:14:20'),(44,4,8,'2020-11-07 12:14:20','2020-11-07 12:14:20'),(45,6,8,'2020-11-07 12:14:20','2020-11-07 12:14:20'),(46,5,8,'2020-11-07 12:14:20','2020-11-07 12:14:20'),(47,8,14,'2020-11-10 18:20:25','2020-11-09 12:43:22'),(48,9,14,'2020-11-10 18:20:26','2020-11-09 12:43:29'),(49,10,14,'2020-11-10 18:20:27','2020-11-09 12:43:35'),(50,11,14,'2020-11-10 18:20:28','2020-11-09 15:20:59'),(51,12,14,'2020-11-10 18:20:29','2020-11-10 13:12:15'),(52,3,1,'2020-11-10 19:00:19','2020-11-10 19:00:19'),(53,11,1,'2020-11-10 19:00:19','2020-11-10 19:00:19'),(54,1,1,'2020-11-10 19:00:19','2020-11-10 19:00:19'),(55,8,1,'2020-11-10 19:00:20','2020-11-10 19:00:20'),(56,13,14,'2020-11-13 17:47:05','2020-11-13 17:46:17'),(57,14,14,'2020-11-16 16:47:20','2020-11-16 16:47:19'),(58,15,14,'2020-11-16 16:48:33','2020-11-16 16:48:31'),(59,16,14,'2020-11-16 16:52:47','2020-11-16 16:52:45'),(60,17,1,'2020-11-17 13:40:42','2020-11-16 16:55:12'),(61,18,14,'2020-11-17 13:40:19','2020-11-17 13:40:18'),(62,19,14,'2020-11-17 13:43:42','2020-11-17 13:43:41'),(63,20,14,'2020-11-17 17:36:58','2020-11-17 17:36:57'),(64,21,14,'2020-11-17 20:10:06','2020-11-17 20:10:05'),(65,22,14,'2020-11-18 15:52:30','2020-11-18 15:52:29');

/*Table structure for table `user_account_activity` */

DROP TABLE IF EXISTS `user_account_activity`;

CREATE TABLE `user_account_activity` (
  `id` int(11) NOT NULL AUTO_INCREMENT,
  `user_id` int(11) DEFAULT NULL,
  `ip_address` varchar(255) DEFAULT NULL,
  `user_browser` varchar(200) DEFAULT NULL,
  `user_platform` varchar(200) DEFAULT NULL,
  `login_time` datetime DEFAULT NULL,
  `logout_time` datetime DEFAULT NULL,
  PRIMARY KEY (`id`)
) ENGINE=InnoDB AUTO_INCREMENT=71 DEFAULT CHARSET=utf8;

/*Data for the table `user_account_activity` */

insert  into `user_account_activity`(`id`,`user_id`,`ip_address`,`user_browser`,`user_platform`,`login_time`,`logout_time`) values (20,1,'::1','Firefox','Windows 7','2020-11-04 19:32:43','2020-11-04 20:03:25'),(21,8,'::1','Firefox','Windows 7','2020-11-04 20:03:40','2020-11-04 20:03:46'),(22,1,'::1','Firefox','Windows 7','2020-11-04 20:03:55',NULL),(23,1,'::1','Firefox','Windows 7','2020-11-05 10:42:36',NULL),(24,1,'::1','Firefox','Windows 7','2020-11-05 10:59:40',NULL),(25,1,'::1','Firefox','Windows 7','2020-11-05 11:19:28','2020-11-05 11:21:44'),(26,1,'::1','Firefox','Windows 7','2020-11-05 11:21:57','2020-11-05 12:00:16'),(27,1,'::1','Firefox','Windows 7','2020-11-05 12:01:24','2020-11-05 12:46:10'),(28,1,'::1','Firefox','Windows 7','2020-11-05 12:46:22','2020-11-05 12:46:29'),(29,8,'::1','Firefox','Windows 7','2020-11-05 12:46:40','2020-11-05 12:47:02'),(30,1,'::1','Firefox','Windows 7','2020-11-06 12:37:55',NULL),(31,1,'::1','Firefox','Windows 7','2020-11-06 16:43:47',NULL),(32,1,'::1','Firefox','Windows 7','2020-11-07 08:32:40','2020-11-07 12:14:32'),(33,8,'::1','Firefox','Windows 7','2020-11-07 12:14:54','2020-11-07 12:15:06'),(34,1,'::1','Firefox','Windows 7','2020-11-07 12:15:15','2020-11-07 15:50:29'),(35,1,'::1','Firefox','Windows 7','2020-11-07 15:52:09',NULL),(36,1,'::1','Firefox','Windows 7','2020-11-09 11:43:38',NULL),(37,1,'::1','Firefox','Windows 7','2020-11-09 14:12:45','2020-11-09 14:19:23'),(38,1,'::1','Firefox','Windows 7','2020-11-09 14:19:39',NULL),(39,1,'::1','Firefox','Windows 7','2020-11-09 17:21:16',NULL),(40,1,'::1','Firefox','Windows 7','2020-11-10 08:33:40','2020-11-10 16:28:20'),(41,1,'::1','Firefox','Windows 7','2020-11-10 10:01:49',NULL),(42,1,'::1','Firefox','Windows 7','2020-11-10 16:29:10','2020-11-10 16:53:10'),(43,1,'::1','Firefox','Windows 7','2020-11-10 16:53:22','2020-11-10 18:04:51'),(44,14,'::1','Firefox','Windows 7','2020-11-10 18:19:52','2020-11-10 18:43:23'),(45,14,'::1','Firefox','Windows 7','2020-11-10 18:49:08',NULL),(46,14,'::1','Firefox','Windows 7','2020-11-11 11:34:52',NULL),(47,14,'::1','Firefox','Windows 7','2020-11-11 16:53:38',NULL),(48,14,'::1','Firefox','Windows 7','2020-11-11 17:18:21',NULL),(49,14,'::1','Firefox','Windows 7','2020-11-12 09:12:56',NULL),(50,14,'::1','Firefox','Windows 7','2020-11-12 12:56:02',NULL),(51,14,'::1','Firefox','Windows 7','2020-11-12 13:08:37',NULL),(52,14,'::1','Firefox','Windows 7','2020-11-13 12:45:45',NULL),(53,14,'127.0.0.1','Firefox','Windows 7','2020-11-16 13:34:16',NULL),(54,14,'::1','Firefox','Windows 7','2020-11-16 13:47:53',NULL),(55,14,'::1','Firefox','Windows 7','2020-11-16 15:06:56',NULL),(56,14,'::1','Firefox','Windows 7','2020-11-16 16:51:18',NULL),(57,14,'::1','Firefox','Windows 7','2020-11-16 18:40:31',NULL),(58,14,'::1','Firefox','Windows 7','2020-11-17 06:39:38',NULL),(59,14,'::1','Firefox','Windows 7','2020-11-17 10:57:20',NULL),(60,14,'::1','Firefox','Windows 7','2020-11-17 16:36:13',NULL),(61,14,'::1','Firefox','Windows 7','2020-11-17 17:14:27',NULL),(62,14,'::1','Firefox','Windows 7','2020-11-17 17:21:46',NULL),(63,14,'::1','Firefox','Windows 7','2020-11-18 12:34:28',NULL),(64,14,'::1','Firefox','Windows 7','2020-11-18 15:42:17',NULL),(65,14,'127.0.0.1','Firefox','Windows 7','2020-11-19 15:58:17',NULL),(66,14,'::1','Firefox','Windows 7','2020-11-20 14:10:02',NULL),(67,14,'::1','Firefox','Windows 7','2020-11-20 14:16:31',NULL),(68,14,'::1','Firefox','Windows 7','2020-11-20 14:20:35','2020-11-20 14:51:56'),(69,14,'::1','Firefox','Windows 7','2020-11-20 14:52:08',NULL),(70,14,'::1','Firefox','Windows 7','2020-11-20 18:03:20',NULL);

/*Table structure for table `user_role` */

DROP TABLE IF EXISTS `user_role`;

CREATE TABLE `user_role` (
  `id` int(11) NOT NULL AUTO_INCREMENT,
  `role` varchar(60) DEFAULT NULL,
  PRIMARY KEY (`id`)
) ENGINE=InnoDB AUTO_INCREMENT=4 DEFAULT CHARSET=utf8;

/*Data for the table `user_role` */

insert  into `user_role`(`id`,`role`) values (1,'Developer'),(2,'Admin'),(3,'User');

/*Table structure for table `users` */

DROP TABLE IF EXISTS `users`;

CREATE TABLE `users` (
  `id` int(11) NOT NULL AUTO_INCREMENT,
  `name` varchar(255) DEFAULT NULL,
  `user_name` varchar(255) DEFAULT NULL,
  `password` varchar(255) DEFAULT NULL,
  `mobile_no` varchar(15) DEFAULT NULL,
  `user_role_id` int(11) DEFAULT NULL,
  `is_online` enum('Y','N') DEFAULT 'N',
  `is_active` enum('Y','N') DEFAULT 'Y',
  `branch_id` int(11) DEFAULT NULL,
  `company_id` int(11) DEFAULT NULL,
  `created_by` int(11) DEFAULT NULL,
  `created_at` datetime DEFAULT NULL,
  `updated_at` datetime DEFAULT NULL,
  PRIMARY KEY (`id`)
) ENGINE=InnoDB AUTO_INCREMENT=295 DEFAULT CHARSET=utf8;

/*Data for the table `users` */

insert  into `users`(`id`,`name`,`user_name`,`password`,`mobile_no`,`user_role_id`,`is_online`,`is_active`,`branch_id`,`company_id`,`created_by`,`created_at`,`updated_at`) values (1,'Subhabrata Bhattacharjee','subha','1f9847bac74e5ad5888bbcd2c3e92187','',3,'N','Y',1,1,1,'2020-11-10 00:00:00','2020-11-10 00:00:00'),(2,'SANJITA DAS','sanjita','8105a0c991e7047eda9bfdfd10a1da79','',3,'N','Y',1,1,1,'2020-11-10 00:00:00','2020-11-10 00:00:00'),(3,'SAMPA SADHUKHAN','sampa','f5893bf7bdf684cb0d18da6a3b01fb63','',3,'N','Y',1,1,1,'2020-11-10 00:00:00','2020-11-10 00:00:00'),(4,'ARUN DEY','arun_d','36212771a3d4a9642b901fbae8fa5557','',3,'N','Y',1,1,1,'2020-11-10 00:00:00','2020-11-10 00:00:00'),(5,'PAPIA BHATTACHARJEE','papia','ffa7e71ce99b5cbe97bb7def4375d186','',3,'N','Y',11,1,1,'2020-11-10 00:00:00','2020-11-10 00:00:00'),(6,'JOLY ROY','jolyroy','f0ebe15db31c3acc6ba4fd8271c5fbe4','',3,'N','Y',11,1,1,'2020-11-10 00:00:00','2020-11-10 00:00:00'),(7,'MITALI SHARMA (bkp)','sharma_mitali','057459a919fa0e6b26712bf1459b819b','',3,'N','Y',3,1,1,'2020-11-10 00:00:00','2020-11-10 00:00:00'),(8,'PROSENJIT SEN','RMprosen','96fe3fbd18c605192c800be38bbc13ea','',3,'N','Y',3,1,1,'2020-11-10 00:00:00','2020-11-10 00:00:00'),(9,'Partha','Partha','d1eebc1dab6a07275fe50c1be314a93e','',3,'N','Y',3,1,1,'2020-11-10 00:00:00','2020-11-10 00:00:00'),(10,'PRIYANKA KAR','prnkar','670cfc9a6de8808e6b2f6a674ceea1a1','',3,'N','Y',1,1,1,'2020-11-10 00:00:00','2020-11-10 00:00:00'),(11,'ANKITA DAS','ankita','8fd463370e055f52c48eb7dd750b3802','',3,'N','Y',8,1,1,'2020-11-10 00:00:00','2020-11-10 00:00:00'),(12,'SANJAY ROY','sanjoy_mantra','0fa4f9f6ee978b7bb54db4606b029511','',3,'N','Y',8,1,1,'2020-11-10 00:00:00','2020-11-10 00:00:00'),(13,'MIRA CONSULTANCY','mira','c2ef0b01fd767958391aec78700dc904','',3,'N','Y',1,1,1,'2020-11-10 00:00:00','2020-11-10 00:00:00'),(14,'Suman','suman','4a2830c13cca99c70059ef58158252fe','',1,'Y','Y',1,1,1,'2020-11-10 00:00:00','2020-11-20 18:03:20'),(15,'SAMIR DAS','samir.das','8b704a65479598399ae4c42e6f64b408','',3,'N','Y',1,1,1,'2020-11-10 00:00:00','2020-11-10 00:00:00'),(16,'KARNIKA CHAKRABORTY( BKP)','karnika','8548cbfcb633be70980be43555fe35d3','',3,'N','Y',3,1,1,'2020-11-10 00:00:00','2020-11-10 00:00:00'),(17,'BINOY ROUTH','binoy@2013','7078c578cdd8458fd7d89c272d58d8a8','',3,'N','Y',1,1,1,'2020-11-10 00:00:00','2020-11-10 00:00:00'),(18,'ATRAYEE BHOWMICK','bhowmick','20d8a364a64921a6459b0238b0435780','',3,'N','Y',1,1,1,'2020-11-10 00:00:00','2020-11-10 00:00:00'),(19,'Dipanjan Bhattacharjee','dipanjan','ca13108e2695f4649c2f89274bb19eb3','',3,'N','Y',1,1,1,'2020-11-10 00:00:00','2020-11-10 00:00:00'),(20,'ARUN DEY','arun_man','c20427d38003731c704eb6a9f87730a7','',3,'N','Y',3,1,1,'2020-11-10 00:00:00','2020-11-10 00:00:00'),(21,'Member','member','3b6c5cd11c0e68bbf54de7e2d775314d','',3,'N','Y',3,1,1,'2020-11-10 00:00:00','2020-11-10 00:00:00'),(22,'SUNANDA MITRA','sunanda','381c30bfb4fb11b70a3a428b910f3557','',3,'N','Y',1,1,1,'2020-11-10 00:00:00','2020-11-10 00:00:00'),(23,'MADHUCHANDA CHAKRABORTY','madhu#chanda','91039f76ea1e7c2d6cf2aafb188734a7','',3,'N','Y',1,1,1,'2020-11-10 00:00:00','2020-11-10 00:00:00'),(24,'Amit','amit@accounts','1d561e23ad1a466bd22b37fe14dfe16f','',3,'N','Y',12,1,1,'2020-11-10 00:00:00','2020-11-10 00:00:00'),(25,'LIPIKA CHAKRABORTY','lipika','61503412298d5995c0527dd29a6b5e77','',3,'N','Y',1,1,1,'2020-11-10 00:00:00','2020-11-10 00:00:00'),(26,'MITALI SHARMA (cm)','sharma_mitali','8a9434065bf1893a1ad6ed7c64ab0c16','',3,'N','Y',1,1,1,'2020-11-10 00:00:00','2020-11-10 00:00:00'),(27,'SANGITA DAS','sangita.das','3ea1f675f1832ddae01f04db93d2e3b8','',3,'N','Y',11,1,1,'2020-11-10 00:00:00','2020-11-10 00:00:00'),(28,'Debabrata Bhattacharjee','deb.brata','42d11a34a310b7ab0cfb2cbd6d7fdd03','',3,'N','Y',1,1,1,'2020-11-10 00:00:00','2020-11-10 00:00:00'),(29,'Srestha','srestha','a6bf47a8ac569865be5d3874007b684f','',3,'N','Y',3,1,1,'2020-11-10 00:00:00','2020-11-10 00:00:00'),(30,'SOHINI BHATTACHARYYA','sohini','341cbca74fa03ed31fb5f45d35f3f150','',3,'N','Y',3,1,1,'2020-11-10 00:00:00','2020-11-10 00:00:00'),(31,'PRADIP CHAKROBORTY','prodip@cm','4c74d09f0e82bebe99a2c3be9141adae','',3,'N','Y',11,1,1,'2020-11-10 00:00:00','2020-11-10 00:00:00'),(32,'PROTEEK BANERJEE','proteek','11080d6417eae125fa35939ae4f33ab1','',3,'N','Y',12,1,1,'2020-11-10 00:00:00','2020-11-10 00:00:00'),(33,'SREEMOYEE MAJUMDER','majumder@tb','bbfdc73b21cfe4518fb5c9edfb622d1a','',3,'N','Y',3,1,1,'2020-11-10 00:00:00','2020-11-10 00:00:00'),(34,'Chittaranjan Chakraborty','ranjan','debbdcefcb568eaae5399a6776d1df7b','',3,'N','Y',3,1,1,'2020-11-10 00:00:00','2020-11-10 00:00:00'),(35,'Indrani Halder (BKP)','indrani','00030a17786d21989ae1be20bbca2269','',3,'N','Y',3,1,1,'2020-11-10 00:00:00','2020-11-10 00:00:00'),(36,'PRYANKA DAS','prynka','f80633e961b40f38abe25448aeda9a9e','',3,'N','Y',1,1,1,'2020-11-10 00:00:00','2020-11-10 00:00:00'),(37,'UTTAM PAUL','uttam','5215e3ac9f752e9b2313356e13d75149','',3,'N','Y',11,1,1,'2020-11-10 00:00:00','2020-11-10 00:00:00'),(38,'SOURAB BANERJEE','sourab','57df9d5e48532e0737fdde73ed044024','',3,'N','Y',3,1,1,'2020-11-10 00:00:00','2020-11-10 00:00:00'),(39,'PUJA BANERJEE','puja.ban','81044886d2e9a7ff21f4ec3646ff52df','',3,'N','Y',11,1,1,'2020-11-10 00:00:00','2020-11-10 00:00:00'),(40,'SHABNAM ARA','shabnam','9e08a4c1074aa3469bb6972c06ca3788','',3,'N','Y',3,1,1,'2020-11-10 00:00:00','2020-11-10 00:00:00'),(41,'BISWAJIT JANA','jana@sm','695657abd35287a77e30242f15e05b0f','',3,'N','Y',13,1,1,'2020-11-10 00:00:00','2020-11-10 00:00:00'),(42,'Alivia Bannerjee','Alivia','505f088b7e5ddd1914292c320c38afa5','',3,'N','Y',11,1,1,'2020-11-10 00:00:00','2020-11-10 00:00:00'),(43,'Indra nath samanta','indra nath','835a5c2c93d595c00dde30e380d0b9a4','',3,'N','Y',13,1,1,'2020-11-10 00:00:00','2020-11-10 00:00:00'),(44,'CHAITY MONDAL','BKP#MONDAL','0efb74ff782b0fc13b209a9f3165b352','',3,'N','Y',3,1,1,'2020-11-10 00:00:00','2020-11-10 00:00:00'),(45,'suman debnath','suman#cm','66fe40fea2b0eb50b7d06b1dae125f48','',3,'N','Y',11,1,1,'2020-11-10 00:00:00','2020-11-10 00:00:00'),(46,'raju majumder','raju@mrg','bb8e1530c3c9512a6bab29d8bbb7210c','',3,'N','Y',11,1,1,'2020-11-10 00:00:00','2020-11-10 00:00:00'),(47,'Jhulan Mukherjee','jhulan@lacktown','cca9a488783dd78fd46357e65f525a71','',3,'N','Y',16,2,1,'2020-11-10 00:00:00','2020-11-10 00:00:00'),(48,'Moumita Laskar ','moumita@bkpr','ce9d536872a807f8d23aacbfc0347e86','',3,'N','Y',3,1,1,'2020-11-10 00:00:00','2020-11-10 00:00:00'),(49,'Dr. Sutapa dengupta','sutapa@2015','82b77281bd3029d95cfdf76c16657391','',3,'N','Y',1,1,1,'2020-11-10 00:00:00','2020-11-10 00:00:00'),(50,'ARITRA  ROY','ARITRA@ROY','3382f9d3352b833f6f80c6aa3fbe2644','',3,'N','Y',3,1,1,'2020-11-10 00:00:00','2020-11-10 00:00:00'),(51,'ARUN SHARMA','arun@sharma','f258c5d71e28dc434d877ffd3d6e2676','',3,'N','Y',17,1,1,'2020-11-10 00:00:00','2020-11-10 00:00:00'),(52,'ATANU BISWAS','ATANU@REHAB','3eb31f28661656dc20c3e8c5e10fe754','',3,'N','Y',1,1,1,'2020-11-10 00:00:00','2020-11-10 00:00:00'),(53,'ARPITA CHOWDHRY','ARPITA@CHOW','15c510d7ab5abcd840d3f2c1dd734dc3','',3,'N','Y',3,1,1,'2020-11-10 00:00:00','2020-11-10 00:00:00'),(54,'BISWAJITJANA','biswajit@sm','695657abd35287a77e30242f15e05b0f','',3,'N','Y',16,2,1,'2020-11-10 00:00:00','2020-11-10 00:00:00'),(55,'UJJAL','Ujjal@k','95b43fa2da54081319c350359bed8bf2','',3,'N','Y',11,1,1,'2020-11-10 00:00:00','2020-11-10 00:00:00'),(56,'Dibyendu Roy','debyndu@sm','ef60939e85149067065437d612700e07','',3,'N','Y',16,2,1,'2020-11-10 00:00:00','2020-11-10 00:00:00'),(57,'Rumiia dey','rumia dey','1120b666639f6f3ce739d97841990200','',3,'N','Y',16,2,1,'2020-11-10 00:00:00','2020-11-10 00:00:00'),(58,'SOUMENDRANATH GHOSH','soumen','f44d11af57ccfa9099aadf22b2f9ec21','',3,'N','Y',11,1,1,'2020-11-10 00:00:00','2020-11-10 00:00:00'),(59,'RAKESH PANDIA','RAKESH@MANTRA','e6ac76264887e9d791327917443e0e2f','',3,'N','Y',12,1,1,'2020-11-10 00:00:00','2020-11-10 00:00:00'),(60,'AMITKUMAR','amit@2015','d2b3f63948406cb893544cee035531d3','',3,'N','Y',1,1,1,'2020-11-10 00:00:00','2020-11-10 00:00:00'),(61,'nilanjana','nilanjana@bkp','81dc9bdb52d04dc20036dbd8313ed055','',3,'N','Y',3,1,1,'2020-11-10 00:00:00','2020-11-10 00:00:00'),(62,'nilanjana','nilanjana@bkp','81dc9bdb52d04dc20036dbd8313ed055','',3,'N','Y',3,1,1,'2020-11-10 00:00:00','2020-11-10 00:00:00'),(63,'GOUTAM GHOSH (BKP)','goutam@bkp','3c3e256c37b180dc9b6b530a906c628c','',3,'N','Y',3,1,1,'2020-11-10 00:00:00','2020-11-10 00:00:00'),(64,'Sujoy','Sujoy@bkp','0835915aab4a454be69eb0c2fd6c5600','',3,'N','Y',3,1,1,'2020-11-10 00:00:00','2020-11-10 00:00:00'),(65,'SANJOY DAS (BKP)','Sanjoy@bkp','6b9ade944e0b651d58252c1c144fba10','',3,'N','Y',3,1,1,'2020-11-10 00:00:00','2020-11-10 00:00:00'),(66,'TRINMAY BAKSHI','trinmay@lake','232afdc670580a23b2f7c67ef8a8343e','',3,'N','Y',16,2,1,'2020-11-10 00:00:00','2020-11-10 00:00:00'),(67,'SUNANDA','sunanda@lake','b7a8f793d1564d9c39eae30cad781e01','',3,'N','Y',16,2,1,'2020-11-10 00:00:00','2020-11-10 00:00:00'),(68,'SURAJIT HAZRA','surojit@cm','2d144575fc2161279ec374e59e743f23','',3,'N','Y',11,1,1,'2020-11-10 00:00:00','2020-11-10 00:00:00'),(69,'SOUMEN DAS','soumen@bkp','6913148e1fc69c9ecdb06b38e16f863f','',3,'N','Y',3,1,1,'2020-11-10 00:00:00','2020-11-10 00:00:00'),(70,'CHANDAN DUTTA','chandan','2bba052c67264e203e49e281a258c98a','',3,'N','Y',11,1,1,'2020-11-10 00:00:00','2020-11-10 00:00:00'),(71,'GANESH','ganeshbkp','35e45b7d6cfeb784f67d1597af120004','',3,'N','Y',3,1,1,'2020-11-10 00:00:00','2020-11-10 00:00:00'),(72,'sukanyasen','sukanya#bkp','e97c49facd12b1f296616291cc0c08c1','',3,'N','Y',3,1,1,'2020-11-10 00:00:00','2020-11-10 00:00:00'),(73,'TEST','test_user','0240768a6e3c6fd59db371e2f8b55cdc','',3,'N','Y',4,1,1,'2020-11-10 00:00:00','2020-11-10 00:00:00'),(74,'ANANYA MUKHERJEE','ananya@muk','626a7acfe0577e98be540c5994982a72','',3,'N','Y',3,1,1,'2020-11-10 00:00:00','2020-11-10 00:00:00'),(75,'SUPROVATE ','suprovat@mark','84906aa755a5d5df204daf9b47309ec1','',3,'N','Y',11,1,1,'2020-11-10 00:00:00','2020-11-10 00:00:00'),(76,'Member Self','memberself','b70ca1f5249d84ee29c483099acd80d9','',3,'N','Y',4,1,1,'2020-11-10 00:00:00','2020-11-10 00:00:00'),(77,'SRIYA NANDI','sriya@nandi','e90dc4726b10d243d7c0d4c5b7942db2','',3,'N','Y',13,1,1,'2020-11-10 00:00:00','2020-11-10 00:00:00'),(78,'SHREYA BHATTACHARJEE','shreya@','92fcb17a91048968e0074d6f6cbeb58b','',3,'N','Y',13,1,1,'2020-11-10 00:00:00','2020-11-10 00:00:00'),(79,'DEBALINA ','DEBALINA','98b862a2957cbe13ff5fa4ffdedec076','',3,'N','Y',16,2,1,'2020-11-10 00:00:00','2020-11-10 00:00:00'),(80,'Anand Bagaria','anand','827ccb0eea8a706c4c34a16891f84e7b','',3,'N','Y',3,1,1,'2020-11-10 00:00:00','2020-11-10 00:00:00'),(81,'Debabrata Biswas','deb@hav','8b7fe89479d0f744d52ac149cadbad04','',3,'N','Y',3,1,1,'2020-11-10 00:00:00','2020-11-10 00:00:00'),(82,'SRABANI','srabanti@bkp','892844127a163320b9209509c8e8edc1','',3,'N','Y',3,1,1,'2020-11-10 00:00:00','2020-11-10 00:00:00'),(83,'MEGHA','CMMEGHA','677d2afedd53132ae34dc832cce4e71f','',3,'N','Y',11,1,1,'2020-11-10 00:00:00','2020-11-10 00:00:00'),(84,'joydip maity','joycm','08377387b7415e85ed6f2d03e95f4d3e','',3,'N','Y',11,1,1,'2020-11-10 00:00:00','2020-11-10 00:00:00'),(85,'PRIYA DUTTA','PRIYA @2017','725f74366b17f49cc71caabe25e0d8fa','',3,'N','Y',3,1,1,'2020-11-10 00:00:00','2020-11-10 00:00:00'),(86,'ANITA JENA','ANITA','bcf05e66f06a7497a68e4916e8a664af','',3,'N','Y',16,2,1,'2020-11-10 00:00:00','2020-11-10 00:00:00'),(87,'PRADIP CHAKRABORTY ','pradip@sm','4c74d09f0e82bebe99a2c3be9141adae','',3,'N','Y',16,2,1,'2020-11-10 00:00:00','2020-11-10 00:00:00'),(88,'Sourav Ghosh ','sourav @kp','c879d53164d4f34b93d88aa46e97f566','',3,'N','Y',17,1,1,'2020-11-10 00:00:00','2020-11-10 00:00:00'),(89,'Dibyendu Roy ','debyndu@sm','ef60939e85149067065437d612700e07','',3,'N','Y',13,1,1,'2020-11-10 00:00:00','2020-11-10 00:00:00'),(90,'PRADIP CHAKRABORTY','prodip@kp','4c74d09f0e82bebe99a2c3be9141adae','',3,'N','Y',17,1,1,'2020-11-10 00:00:00','2020-11-10 00:00:00'),(91,'Member(CM)','member@cm','632fb17d418f583519cb4b4440cbc9cb','',3,'N','Y',11,1,1,'2020-11-10 00:00:00','2020-11-10 00:00:00'),(92,'SHREYA NANDI','shreya@sm','7f03d0a6a7fd631560545c903e1eabc5','',3,'N','Y',16,2,1,'2020-11-10 00:00:00','2020-11-10 00:00:00'),(93,'SHREYA BHATTACHARJEE','shreya@sm','d95362c1ebe6d094e4c135b33cc98a01','',3,'N','Y',16,2,1,'2020-11-10 00:00:00','2020-11-10 00:00:00'),(94,'Dibyendu Roy','debyndu@cm','ef60939e85149067065437d612700e07','',3,'N','Y',11,1,1,'2020-11-10 00:00:00','2020-11-10 00:00:00'),(95,'Dibyendu Roy','debyndu@mantra','749149ddc4a25440252835d739875c55','',3,'N','Y',3,1,1,'2020-11-10 00:00:00','2020-11-10 00:00:00'),(96,'BISWAJIT JANA','jana@mantra','80943adf5a2b34b71fc2080edb8b2408','',3,'N','Y',3,1,1,'2020-11-10 00:00:00','2020-11-10 00:00:00'),(97,'BISWAJIT JANA','jana@cm','0059682d8eb2d22481618c0ba4d1dabd','',3,'N','Y',11,1,1,'2020-11-10 00:00:00','2020-11-10 00:00:00'),(98,'SHREYA BHATTACHARJEE','shreya@mantra','48f2710f70081af9935db10fa33d0140','',3,'N','Y',11,1,1,'2020-11-10 00:00:00','2020-11-10 00:00:00'),(99,'Nilasish ','Nilasish','d5227dcfb7bb48715410b953945fb407','',3,'N','Y',11,1,1,'2020-11-10 00:00:00','2020-11-10 00:00:00'),(100,'Vikash kumar','vikesh@cm','c0cf2192e987bb81b9acc500c495e382','',3,'N','Y',11,1,1,'2020-11-10 00:00:00','2020-11-10 00:00:00'),(101,'Moumita Das','moumita FM','886d89f31af538939a6ecec2ac3664bb','',3,'N','Y',3,1,1,'2020-11-10 00:00:00','2020-11-10 00:00:00'),(102,'priyanka kundu','kundu@kp','2e6a873f9b1e257802485ff772c9e778','',3,'N','Y',17,1,1,'2020-11-10 00:00:00','2020-11-10 00:00:00'),(103,'PUJA MAJHI','majhi@kp','e8a80ff65f20adb817423a87549a9882','',3,'N','Y',17,1,1,'2020-11-10 00:00:00','2020-11-10 00:00:00'),(104,'SUVAJIT DAS','DAS#KP','93d66f91c699a08ba67411ba926f26d5','',3,'N','Y',17,1,1,'2020-11-10 00:00:00','2020-11-10 00:00:00'),(105,'Sonali Shaw','show@kp','10e21e281e31602d1e8a86253a37b909','',3,'N','Y',17,1,1,'2020-11-10 00:00:00','2020-11-10 00:00:00'),(106,'Bithika das','das@1986','639d76c52b05b52290be3e86f2230ab4','',3,'N','Y',17,1,1,'2020-11-10 00:00:00','2020-11-10 00:00:00'),(107,'Tanmay Chakraborty(CM)','tanmoy@cm','60bcec7421eab227f358ad802f804246','',3,'N','Y',11,1,1,'2020-11-10 00:00:00','2020-11-10 00:00:00'),(108,'EESHANEE GANGOPADHYAY (KP)','EESHANI@1992','989d912e23b2b0656de319b99d1845bf','',3,'N','Y',17,1,1,'2020-11-10 00:00:00','2020-11-10 00:00:00'),(109,'Bisewajit Mazumder ','Bisewajit @kp','04883a8e39ca597851d23bc07e5c5d08','',3,'N','Y',17,1,1,'2020-11-10 00:00:00','2020-11-10 00:00:00'),(110,'Peenaz Reza','Peenaz@kp','0381ab2781c22ecccd6aca209ea0dcf9','',3,'N','Y',17,1,1,'2020-11-10 00:00:00','2020-11-10 00:00:00'),(111,'Anusree Bagchi','Anushree@bkp','35f52331ca9d03c8828362d1e63b413f','',3,'N','Y',3,1,1,'2020-11-10 00:00:00','2020-11-10 00:00:00'),(112,'KARNIKA CHAKRABORTY( CM)','karnika','9490fab13b824d481ee46c74adb90fb1','',3,'N','Y',11,1,1,'2020-11-10 00:00:00','2020-11-10 00:00:00'),(113,'INDRANI HALDER (KP)','indrani','c4bf12e999ceec2da65ebe5c0ed0526a','',3,'N','Y',17,1,1,'2020-11-10 00:00:00','2020-11-10 00:00:00'),(114,'EESHANEE GANGOPHADHAY (CM)','EESHANI@1992','e0fe33d149de61b2ac5cbd5c400a7ab3','',3,'N','Y',11,1,1,'2020-11-10 00:00:00','2020-11-10 00:00:00'),(115,'MITALI SHARMA (KP)','mitali@sharma','99b27c2eb8e99f65d7875ecce01a809d','',3,'N','Y',17,1,1,'2020-11-10 00:00:00','2020-11-10 00:00:00'),(116,'PRADIP CHAKRABORTY','prodip@bkp','4c74d09f0e82bebe99a2c3be9141adae','',3,'N','Y',3,1,1,'2020-11-10 00:00:00','2020-11-10 00:00:00'),(117,'GOUTAM GHOSH (KP)','goutam@kp','3df777231b005724ca6d02e870fee305','',3,'N','Y',17,1,1,'2020-11-10 00:00:00','2020-11-10 00:00:00'),(118,'JOTI SINGH','joti@bkp','a636289c01b7fb90129988b3fab50068','',3,'N','Y',3,1,1,'2020-11-10 00:00:00','2020-11-10 00:00:00'),(119,'SOMA BANERJEE MONDAL','soma#bkp','45978fd09e24f010b4eeda2c765388d9','',3,'N','Y',3,1,1,'2020-11-10 00:00:00','2020-11-10 00:00:00'),(120,'SUJOY BARAI','sujayj@KP','e12288434ddb125580642e38b16c1f1a','',3,'N','Y',17,1,1,'2020-11-10 00:00:00','2020-11-10 00:00:00'),(121,'SAYANI DAS','das@bkp','827ccb0eea8a706c4c34a16891f84e7b','',3,'N','Y',3,1,1,'2020-11-10 00:00:00','2020-11-10 00:00:00'),(122,'LABANI GHOSH','labani@1234','542723e3bf4bd925cea0636f7afe7c3d','',3,'N','Y',3,1,1,'2020-11-10 00:00:00','2020-11-10 00:00:00'),(123,'BIBHASH MANNA','BMANNA','8406f212d2cd84b0d31a13710a49a2a6','',3,'N','Y',17,1,1,'2020-11-10 00:00:00','2020-11-10 00:00:00'),(124,'SUDIPTA DAS','sudipta@swasthmantra','f83c75368f81afa2e7f9843c02c06675','',3,'N','Y',16,2,1,'2020-11-10 00:00:00','2020-11-10 00:00:00'),(125,'SHARMILA SARKAR','sharmila@bkp','abf36b64db1b9d5752814b9ecf1675c9','',3,'N','Y',3,1,1,'2020-11-10 00:00:00','2020-11-10 00:00:00'),(126,'Moumita Sensarma','moumita@tb','ecf7d5d2cb12e6aed1eded968012456d','',3,'N','Y',3,1,1,'2020-11-10 00:00:00','2020-11-10 00:00:00'),(127,'Manish Sarkar','manish@kp','b6d9dcb2b5f29da9a6c2441583d2f9a9','',3,'N','Y',17,1,1,'2020-11-10 00:00:00','2020-11-10 00:00:00'),(128,'PRITI  KARAR','PRITI@BKP','6ecc6d830355848ecbb01b09e9e1758f','',3,'N','Y',3,1,1,'2020-11-10 00:00:00','2020-11-10 00:00:00'),(129,'PAPAN BISWAS','papan@recp','8e24090d087270cf83a2edf311136360','',3,'N','Y',17,1,1,'2020-11-10 00:00:00','2020-11-10 00:00:00'),(130,'RUPJIT SAR','rupjit@cm','5bd148223bb5bb1d0660454e3097212b','',3,'N','Y',11,1,1,'2020-11-10 00:00:00','2020-11-10 00:00:00'),(131,'SUPRIYA PRASAD','supriya@#bkp','975432721dd099fe02c6ded71d24af3e','',3,'N','Y',3,1,1,'2020-11-10 00:00:00','2020-11-10 00:00:00'),(132,'Piyali Banerjee','Piyali@Bannerjee','5444a10643da4a1aa281fd22f1973866','',3,'N','Y',3,1,1,'2020-11-10 00:00:00','2020-11-10 00:00:00'),(133,'Soft','soft_adm','0192023a7bbd73250516f069df18b500','',3,'N','Y',3,1,1,'2020-11-10 00:00:00','2020-11-10 00:00:00'),(134,'MOUMITA PAUL','paul@2019','14e9997f1c8d7ae2d607a4965eade889','',3,'N','Y',3,1,1,'2020-11-10 00:00:00','2020-11-10 00:00:00'),(135,'PARIJAT GHOSH','parijat@bkp','c804468bf0717ebc9509497e0b1b21d4','',3,'N','Y',3,1,1,'2020-11-10 00:00:00','2020-11-10 00:00:00'),(136,'RISHAB MITRA','mitra#kp','2d14948ec3aa8b122855309617ea2655','',3,'N','Y',17,1,1,'2020-11-10 00:00:00','2020-11-10 00:00:00'),(137,'MITHU KAR','mithu @marketing','c73144907ee8c8d985a6903710a8cf78','',3,'N','Y',3,1,1,'2020-11-10 00:00:00','2020-11-10 00:00:00'),(138,'Ruma DAS','ruma @kp','2e87b5f21e2c95ff78f16aff871ecff3','',3,'N','Y',17,1,1,'2020-11-10 00:00:00','2020-11-10 00:00:00'),(139,'LEKHA  ROY CHOUDHURY ','lekha@bkp','442c52468dff59fefe39fa39efc125a2','',3,'N','Y',3,1,1,'2020-11-10 00:00:00','2020-11-10 00:00:00'),(140,'ARUN','arun@cm','29bd98566104423d1699905d54d85797','',3,'N','Y',11,1,1,'2020-11-10 00:00:00','2020-11-10 00:00:00'),(141,'ANITA DEY','Anita@2020','d4782c47671f0f637604df7d9ba76da6','',3,'N','Y',3,1,1,'2020-11-10 00:00:00','2020-11-10 00:00:00'),(142,'SWARNALI DHAN','dhan@cm','4d424ab51221e33929f1c5852aef75ff','',3,'N','Y',11,1,1,'2020-11-10 00:00:00','2020-11-10 00:00:00'),(143,'PAPIYA BHATTACHARYA BKP','papiya#bkp','22f94d1f79f9e646b519f7ddd451efa6','',3,'N','Y',3,1,1,'2020-11-10 00:00:00','2020-11-10 00:00:00'),(144,'MOULI DUTTA','mouli #cm','d373ad0e0a922d8d296106835f8c318c','',3,'N','Y',11,1,1,'2020-11-10 00:00:00','2020-11-10 00:00:00'),(145,'SUMAN DEBNATH','suman#bkp','bedb19c2bd6fd54eebba07b1177f8dbb','',3,'N','Y',3,1,1,'2020-11-10 00:00:00','2020-11-10 00:00:00'),(146,'ARINDAM BHADRA','bhadra#kp','e93fcc1eba2521fae69a49c7d42aed3f','',3,'N','Y',17,1,1,'2020-11-10 00:00:00','2020-11-10 00:00:00'),(147,'SUMAN DEBNATH','suman#kp','bedb19c2bd6fd54eebba07b1177f8dbb','',3,'N','Y',17,1,1,'2020-11-10 00:00:00','2020-11-10 00:00:00'),(148,'Subhabrata Bhattacharjee','subha','1f9847bac74e5ad5888bbcd2c3e92187','',3,'N','Y',1,1,1,'2020-11-10 00:00:00','2020-11-10 00:00:00'),(149,'SANJITA DAS','sanjita','8105a0c991e7047eda9bfdfd10a1da79','',3,'N','Y',1,1,1,'2020-11-10 00:00:00','2020-11-10 00:00:00'),(150,'SAMPA SADHUKHAN','sampa','f5893bf7bdf684cb0d18da6a3b01fb63','',3,'N','Y',1,1,1,'2020-11-10 00:00:00','2020-11-10 00:00:00'),(151,'ARUN DEY','arun_d','36212771a3d4a9642b901fbae8fa5557','',3,'N','Y',1,1,1,'2020-11-10 00:00:00','2020-11-10 00:00:00'),(152,'PAPIA BHATTACHARJEE','papia','ffa7e71ce99b5cbe97bb7def4375d186','',3,'N','Y',11,1,1,'2020-11-10 00:00:00','2020-11-10 00:00:00'),(153,'JOLY ROY','jolyroy','f0ebe15db31c3acc6ba4fd8271c5fbe4','',3,'N','Y',11,1,1,'2020-11-10 00:00:00','2020-11-10 00:00:00'),(154,'MITALI SHARMA (bkp)','sharma_mitali','057459a919fa0e6b26712bf1459b819b','',3,'N','Y',3,1,1,'2020-11-10 00:00:00','2020-11-10 00:00:00'),(155,'PROSENJIT SEN','RMprosen','96fe3fbd18c605192c800be38bbc13ea','',3,'N','Y',3,1,1,'2020-11-10 00:00:00','2020-11-10 00:00:00'),(156,'Partha','Partha','d1eebc1dab6a07275fe50c1be314a93e','',3,'N','Y',3,1,1,'2020-11-10 00:00:00','2020-11-10 00:00:00'),(157,'PRIYANKA KAR','prnkar','670cfc9a6de8808e6b2f6a674ceea1a1','',3,'N','Y',1,1,1,'2020-11-10 00:00:00','2020-11-10 00:00:00'),(158,'ANKITA DAS','ankita','8fd463370e055f52c48eb7dd750b3802','',3,'N','Y',8,1,1,'2020-11-10 00:00:00','2020-11-10 00:00:00'),(159,'SANJAY ROY','sanjoy_mantra','0fa4f9f6ee978b7bb54db4606b029511','',3,'N','Y',8,1,1,'2020-11-10 00:00:00','2020-11-10 00:00:00'),(160,'MIRA CONSULTANCY','mira','c2ef0b01fd767958391aec78700dc904','',3,'N','Y',1,1,1,'2020-11-10 00:00:00','2020-11-10 00:00:00'),(161,'SM','suman','4a2830c13cca99c70059ef58158252fe','',3,'N','Y',1,1,1,'2020-11-10 00:00:00','2020-11-10 00:00:00'),(162,'SAMIR DAS','samir.das','8b704a65479598399ae4c42e6f64b408','',3,'N','Y',1,1,1,'2020-11-10 00:00:00','2020-11-10 00:00:00'),(163,'KARNIKA CHAKRABORTY( BKP)','karnika','8548cbfcb633be70980be43555fe35d3','',3,'N','Y',3,1,1,'2020-11-10 00:00:00','2020-11-10 00:00:00'),(164,'BINOY ROUTH','binoy@2013','7078c578cdd8458fd7d89c272d58d8a8','',3,'N','Y',1,1,1,'2020-11-10 00:00:00','2020-11-10 00:00:00'),(165,'ATRAYEE BHOWMICK','bhowmick','20d8a364a64921a6459b0238b0435780','',3,'N','Y',1,1,1,'2020-11-10 00:00:00','2020-11-10 00:00:00'),(166,'Dipanjan Bhattacharjee','dipanjan','ca13108e2695f4649c2f89274bb19eb3','',3,'N','Y',1,1,1,'2020-11-10 00:00:00','2020-11-10 00:00:00'),(167,'ARUN DEY','arun_man','c20427d38003731c704eb6a9f87730a7','',3,'N','Y',3,1,1,'2020-11-10 00:00:00','2020-11-10 00:00:00'),(168,'Member','member','3b6c5cd11c0e68bbf54de7e2d775314d','',3,'N','Y',3,1,1,'2020-11-10 00:00:00','2020-11-10 00:00:00'),(169,'SUNANDA MITRA','sunanda','381c30bfb4fb11b70a3a428b910f3557','',3,'N','Y',1,1,1,'2020-11-10 00:00:00','2020-11-10 00:00:00'),(170,'MADHUCHANDA CHAKRABORTY','madhu#chanda','91039f76ea1e7c2d6cf2aafb188734a7','',3,'N','Y',1,1,1,'2020-11-10 00:00:00','2020-11-10 00:00:00'),(171,'Amit','amit@accounts','1d561e23ad1a466bd22b37fe14dfe16f','',3,'N','Y',12,1,1,'2020-11-10 00:00:00','2020-11-10 00:00:00'),(172,'LIPIKA CHAKRABORTY','lipika','61503412298d5995c0527dd29a6b5e77','',3,'N','Y',1,1,1,'2020-11-10 00:00:00','2020-11-10 00:00:00'),(173,'MITALI SHARMA (cm)','sharma_mitali','8a9434065bf1893a1ad6ed7c64ab0c16','',3,'N','Y',1,1,1,'2020-11-10 00:00:00','2020-11-10 00:00:00'),(174,'SANGITA DAS','sangita.das','3ea1f675f1832ddae01f04db93d2e3b8','',3,'N','Y',11,1,1,'2020-11-10 00:00:00','2020-11-10 00:00:00'),(175,'Debabrata Bhattacharjee','deb.brata','42d11a34a310b7ab0cfb2cbd6d7fdd03','',3,'N','Y',1,1,1,'2020-11-10 00:00:00','2020-11-10 00:00:00'),(176,'Srestha','srestha','a6bf47a8ac569865be5d3874007b684f','',3,'N','Y',3,1,1,'2020-11-10 00:00:00','2020-11-10 00:00:00'),(177,'SOHINI BHATTACHARYYA','sohini','341cbca74fa03ed31fb5f45d35f3f150','',3,'N','Y',3,1,1,'2020-11-10 00:00:00','2020-11-10 00:00:00'),(178,'PRADIP CHAKROBORTY','prodip@cm','4c74d09f0e82bebe99a2c3be9141adae','',3,'N','Y',11,1,1,'2020-11-10 00:00:00','2020-11-10 00:00:00'),(179,'PROTEEK BANERJEE','proteek','11080d6417eae125fa35939ae4f33ab1','',3,'N','Y',12,1,1,'2020-11-10 00:00:00','2020-11-10 00:00:00'),(180,'SREEMOYEE MAJUMDER','majumder@tb','bbfdc73b21cfe4518fb5c9edfb622d1a','',3,'N','Y',3,1,1,'2020-11-10 00:00:00','2020-11-10 00:00:00'),(181,'Chittaranjan Chakraborty','ranjan','debbdcefcb568eaae5399a6776d1df7b','',3,'N','Y',3,1,1,'2020-11-10 00:00:00','2020-11-10 00:00:00'),(182,'Indrani Halder (BKP)','indrani','00030a17786d21989ae1be20bbca2269','',3,'N','Y',3,1,1,'2020-11-10 00:00:00','2020-11-10 00:00:00'),(183,'PRYANKA DAS','prynka','f80633e961b40f38abe25448aeda9a9e','',3,'N','Y',1,1,1,'2020-11-10 00:00:00','2020-11-10 00:00:00'),(184,'UTTAM PAUL','uttam','5215e3ac9f752e9b2313356e13d75149','',3,'N','Y',11,1,1,'2020-11-10 00:00:00','2020-11-10 00:00:00'),(185,'SOURAB BANERJEE','sourab','57df9d5e48532e0737fdde73ed044024','',3,'N','Y',3,1,1,'2020-11-10 00:00:00','2020-11-10 00:00:00'),(186,'PUJA BANERJEE','puja.ban','81044886d2e9a7ff21f4ec3646ff52df','',3,'N','Y',11,1,1,'2020-11-10 00:00:00','2020-11-10 00:00:00'),(187,'SHABNAM ARA','shabnam','9e08a4c1074aa3469bb6972c06ca3788','',3,'N','Y',3,1,1,'2020-11-10 00:00:00','2020-11-10 00:00:00'),(188,'BISWAJIT JANA','jana@sm','695657abd35287a77e30242f15e05b0f','',3,'N','Y',13,1,1,'2020-11-10 00:00:00','2020-11-10 00:00:00'),(189,'Alivia Bannerjee','Alivia','505f088b7e5ddd1914292c320c38afa5','',3,'N','Y',11,1,1,'2020-11-10 00:00:00','2020-11-10 00:00:00'),(190,'Indra nath samanta','indra nath','835a5c2c93d595c00dde30e380d0b9a4','',3,'N','Y',13,1,1,'2020-11-10 00:00:00','2020-11-10 00:00:00'),(191,'CHAITY MONDAL','BKP#MONDAL','0efb74ff782b0fc13b209a9f3165b352','',3,'N','Y',3,1,1,'2020-11-10 00:00:00','2020-11-10 00:00:00'),(192,'suman debnath','suman#cm','66fe40fea2b0eb50b7d06b1dae125f48','',3,'N','Y',11,1,1,'2020-11-10 00:00:00','2020-11-10 00:00:00'),(193,'raju majumder','raju@mrg','bb8e1530c3c9512a6bab29d8bbb7210c','',3,'N','Y',11,1,1,'2020-11-10 00:00:00','2020-11-10 00:00:00'),(194,'Jhulan Mukherjee','jhulan@lacktown','cca9a488783dd78fd46357e65f525a71','',3,'N','Y',16,2,1,'2020-11-10 00:00:00','2020-11-10 00:00:00'),(195,'Moumita Laskar ','moumita@bkpr','ce9d536872a807f8d23aacbfc0347e86','',3,'N','Y',3,1,1,'2020-11-10 00:00:00','2020-11-10 00:00:00'),(196,'Dr. Sutapa dengupta','sutapa@2015','82b77281bd3029d95cfdf76c16657391','',3,'N','Y',1,1,1,'2020-11-10 00:00:00','2020-11-10 00:00:00'),(197,'ARITRA  ROY','ARITRA@ROY','3382f9d3352b833f6f80c6aa3fbe2644','',3,'N','Y',3,1,1,'2020-11-10 00:00:00','2020-11-10 00:00:00'),(198,'ARUN SHARMA','arun@sharma','f258c5d71e28dc434d877ffd3d6e2676','',3,'N','Y',17,1,1,'2020-11-10 00:00:00','2020-11-10 00:00:00'),(199,'ATANU BISWAS','ATANU@REHAB','3eb31f28661656dc20c3e8c5e10fe754','',3,'N','Y',1,1,1,'2020-11-10 00:00:00','2020-11-10 00:00:00'),(200,'ARPITA CHOWDHRY','ARPITA@CHOW','15c510d7ab5abcd840d3f2c1dd734dc3','',3,'N','Y',3,1,1,'2020-11-10 00:00:00','2020-11-10 00:00:00'),(201,'BISWAJITJANA','biswajit@sm','695657abd35287a77e30242f15e05b0f','',3,'N','Y',16,2,1,'2020-11-10 00:00:00','2020-11-10 00:00:00'),(202,'UJJAL','Ujjal@k','95b43fa2da54081319c350359bed8bf2','',3,'N','Y',11,1,1,'2020-11-10 00:00:00','2020-11-10 00:00:00'),(203,'Dibyendu Roy','debyndu@sm','ef60939e85149067065437d612700e07','',3,'N','Y',16,2,1,'2020-11-10 00:00:00','2020-11-10 00:00:00'),(204,'Rumiia dey','rumia dey','1120b666639f6f3ce739d97841990200','',3,'N','Y',16,2,1,'2020-11-10 00:00:00','2020-11-10 00:00:00'),(205,'SOUMENDRANATH GHOSH','soumen','f44d11af57ccfa9099aadf22b2f9ec21','',3,'N','Y',11,1,1,'2020-11-10 00:00:00','2020-11-10 00:00:00'),(206,'RAKESH PANDIA','RAKESH@MANTRA','e6ac76264887e9d791327917443e0e2f','',3,'N','Y',12,1,1,'2020-11-10 00:00:00','2020-11-10 00:00:00'),(207,'AMITKUMAR','amit@2015','d2b3f63948406cb893544cee035531d3','',3,'N','Y',1,1,1,'2020-11-10 00:00:00','2020-11-10 00:00:00'),(208,'nilanjana','nilanjana@bkp','81dc9bdb52d04dc20036dbd8313ed055','',3,'N','Y',3,1,1,'2020-11-10 00:00:00','2020-11-10 00:00:00'),(209,'nilanjana','nilanjana@bkp','81dc9bdb52d04dc20036dbd8313ed055','',3,'N','Y',3,1,1,'2020-11-10 00:00:00','2020-11-10 00:00:00'),(210,'GOUTAM GHOSH (BKP)','goutam@bkp','3c3e256c37b180dc9b6b530a906c628c','',3,'N','Y',3,1,1,'2020-11-10 00:00:00','2020-11-10 00:00:00'),(211,'Sujoy','Sujoy@bkp','0835915aab4a454be69eb0c2fd6c5600','',3,'N','Y',3,1,1,'2020-11-10 00:00:00','2020-11-10 00:00:00'),(212,'SANJOY DAS (BKP)','Sanjoy@bkp','6b9ade944e0b651d58252c1c144fba10','',3,'N','Y',3,1,1,'2020-11-10 00:00:00','2020-11-10 00:00:00'),(213,'TRINMAY BAKSHI','trinmay@lake','232afdc670580a23b2f7c67ef8a8343e','',3,'N','Y',16,2,1,'2020-11-10 00:00:00','2020-11-10 00:00:00'),(214,'SUNANDA','sunanda@lake','b7a8f793d1564d9c39eae30cad781e01','',3,'N','Y',16,2,1,'2020-11-10 00:00:00','2020-11-10 00:00:00'),(215,'SURAJIT HAZRA','surojit@cm','2d144575fc2161279ec374e59e743f23','',3,'N','Y',11,1,1,'2020-11-10 00:00:00','2020-11-10 00:00:00'),(216,'SOUMEN DAS','soumen@bkp','6913148e1fc69c9ecdb06b38e16f863f','',3,'N','Y',3,1,1,'2020-11-10 00:00:00','2020-11-10 00:00:00'),(217,'CHANDAN DUTTA','chandan','2bba052c67264e203e49e281a258c98a','',3,'N','Y',11,1,1,'2020-11-10 00:00:00','2020-11-10 00:00:00'),(218,'GANESH','ganeshbkp','35e45b7d6cfeb784f67d1597af120004','',3,'N','Y',3,1,1,'2020-11-10 00:00:00','2020-11-10 00:00:00'),(219,'sukanyasen','sukanya#bkp','e97c49facd12b1f296616291cc0c08c1','',3,'N','Y',3,1,1,'2020-11-10 00:00:00','2020-11-10 00:00:00'),(220,'TEST','test_user','0240768a6e3c6fd59db371e2f8b55cdc','',3,'N','Y',4,1,1,'2020-11-10 00:00:00','2020-11-10 00:00:00'),(221,'ANANYA MUKHERJEE','ananya@muk','626a7acfe0577e98be540c5994982a72','',3,'N','Y',3,1,1,'2020-11-10 00:00:00','2020-11-10 00:00:00'),(222,'SUPROVATE ','suprovat@mark','84906aa755a5d5df204daf9b47309ec1','',3,'N','Y',11,1,1,'2020-11-10 00:00:00','2020-11-10 00:00:00'),(223,'Member Self','memberself','b70ca1f5249d84ee29c483099acd80d9','',3,'N','Y',4,1,1,'2020-11-10 00:00:00','2020-11-10 00:00:00'),(224,'SRIYA NANDI','sriya@nandi','e90dc4726b10d243d7c0d4c5b7942db2','',3,'N','Y',13,1,1,'2020-11-10 00:00:00','2020-11-10 00:00:00'),(225,'SHREYA BHATTACHARJEE','shreya@','92fcb17a91048968e0074d6f6cbeb58b','',3,'N','Y',13,1,1,'2020-11-10 00:00:00','2020-11-10 00:00:00'),(226,'DEBALINA ','DEBALINA','98b862a2957cbe13ff5fa4ffdedec076','',3,'N','Y',16,2,1,'2020-11-10 00:00:00','2020-11-10 00:00:00'),(227,'Anand Bagaria','anand','827ccb0eea8a706c4c34a16891f84e7b','',3,'N','Y',3,1,1,'2020-11-10 00:00:00','2020-11-10 00:00:00'),(228,'Debabrata Biswas','deb@hav','8b7fe89479d0f744d52ac149cadbad04','',3,'N','Y',3,1,1,'2020-11-10 00:00:00','2020-11-10 00:00:00'),(229,'SRABANI','srabanti@bkp','892844127a163320b9209509c8e8edc1','',3,'N','Y',3,1,1,'2020-11-10 00:00:00','2020-11-10 00:00:00'),(230,'MEGHA','CMMEGHA','677d2afedd53132ae34dc832cce4e71f','',3,'N','Y',11,1,1,'2020-11-10 00:00:00','2020-11-10 00:00:00'),(231,'joydip maity','joycm','08377387b7415e85ed6f2d03e95f4d3e','',3,'N','Y',11,1,1,'2020-11-10 00:00:00','2020-11-10 00:00:00'),(232,'PRIYA DUTTA','PRIYA @2017','725f74366b17f49cc71caabe25e0d8fa','',3,'N','Y',3,1,1,'2020-11-10 00:00:00','2020-11-10 00:00:00'),(233,'ANITA JENA','ANITA','bcf05e66f06a7497a68e4916e8a664af','',3,'N','Y',16,2,1,'2020-11-10 00:00:00','2020-11-10 00:00:00'),(234,'PRADIP CHAKRABORTY ','pradip@sm','4c74d09f0e82bebe99a2c3be9141adae','',3,'N','Y',16,2,1,'2020-11-10 00:00:00','2020-11-10 00:00:00'),(235,'Sourav Ghosh ','sourav @kp','c879d53164d4f34b93d88aa46e97f566','',3,'N','Y',17,1,1,'2020-11-10 00:00:00','2020-11-10 00:00:00'),(236,'Dibyendu Roy ','debyndu@sm','ef60939e85149067065437d612700e07','',3,'N','Y',13,1,1,'2020-11-10 00:00:00','2020-11-10 00:00:00'),(237,'PRADIP CHAKRABORTY','prodip@kp','4c74d09f0e82bebe99a2c3be9141adae','',3,'N','Y',17,1,1,'2020-11-10 00:00:00','2020-11-10 00:00:00'),(238,'Member(CM)','member@cm','632fb17d418f583519cb4b4440cbc9cb','',3,'N','Y',11,1,1,'2020-11-10 00:00:00','2020-11-10 00:00:00'),(239,'SHREYA NANDI','shreya@sm','7f03d0a6a7fd631560545c903e1eabc5','',3,'N','Y',16,2,1,'2020-11-10 00:00:00','2020-11-10 00:00:00'),(240,'SHREYA BHATTACHARJEE','shreya@sm','d95362c1ebe6d094e4c135b33cc98a01','',3,'N','Y',16,2,1,'2020-11-10 00:00:00','2020-11-10 00:00:00'),(241,'Dibyendu Roy','debyndu@cm','ef60939e85149067065437d612700e07','',3,'N','Y',11,1,1,'2020-11-10 00:00:00','2020-11-10 00:00:00'),(242,'Dibyendu Roy','debyndu@mantra','749149ddc4a25440252835d739875c55','',3,'N','Y',3,1,1,'2020-11-10 00:00:00','2020-11-10 00:00:00'),(243,'BISWAJIT JANA','jana@mantra','80943adf5a2b34b71fc2080edb8b2408','',3,'N','Y',3,1,1,'2020-11-10 00:00:00','2020-11-10 00:00:00'),(244,'BISWAJIT JANA','jana@cm','0059682d8eb2d22481618c0ba4d1dabd','',3,'N','Y',11,1,1,'2020-11-10 00:00:00','2020-11-10 00:00:00'),(245,'SHREYA BHATTACHARJEE','shreya@mantra','48f2710f70081af9935db10fa33d0140','',3,'N','Y',11,1,1,'2020-11-10 00:00:00','2020-11-10 00:00:00'),(246,'Nilasish ','Nilasish','d5227dcfb7bb48715410b953945fb407','',3,'N','Y',11,1,1,'2020-11-10 00:00:00','2020-11-10 00:00:00'),(247,'Vikash kumar','vikesh@cm','c0cf2192e987bb81b9acc500c495e382','',3,'N','Y',11,1,1,'2020-11-10 00:00:00','2020-11-10 00:00:00'),(248,'Moumita Das','moumita FM','886d89f31af538939a6ecec2ac3664bb','',3,'N','Y',3,1,1,'2020-11-10 00:00:00','2020-11-10 00:00:00'),(249,'priyanka kundu','kundu@kp','2e6a873f9b1e257802485ff772c9e778','',3,'N','Y',17,1,1,'2020-11-10 00:00:00','2020-11-10 00:00:00'),(250,'PUJA MAJHI','majhi@kp','e8a80ff65f20adb817423a87549a9882','',3,'N','Y',17,1,1,'2020-11-10 00:00:00','2020-11-10 00:00:00'),(251,'SUVAJIT DAS','DAS#KP','93d66f91c699a08ba67411ba926f26d5','',3,'N','Y',17,1,1,'2020-11-10 00:00:00','2020-11-10 00:00:00'),(252,'Sonali Shaw','show@kp','10e21e281e31602d1e8a86253a37b909','',3,'N','Y',17,1,1,'2020-11-10 00:00:00','2020-11-10 00:00:00'),(253,'Bithika das','das@1986','639d76c52b05b52290be3e86f2230ab4','',3,'N','Y',17,1,1,'2020-11-10 00:00:00','2020-11-10 00:00:00'),(254,'Tanmay Chakraborty(CM)','tanmoy@cm','60bcec7421eab227f358ad802f804246','',3,'N','Y',11,1,1,'2020-11-10 00:00:00','2020-11-10 00:00:00'),(255,'EESHANEE GANGOPADHYAY (KP)','EESHANI@1992','989d912e23b2b0656de319b99d1845bf','',3,'N','Y',17,1,1,'2020-11-10 00:00:00','2020-11-10 00:00:00'),(256,'Bisewajit Mazumder ','Bisewajit @kp','04883a8e39ca597851d23bc07e5c5d08','',3,'N','Y',17,1,1,'2020-11-10 00:00:00','2020-11-10 00:00:00'),(257,'Peenaz Reza','Peenaz@kp','0381ab2781c22ecccd6aca209ea0dcf9','',3,'N','Y',17,1,1,'2020-11-10 00:00:00','2020-11-10 00:00:00'),(258,'Anusree Bagchi','Anushree@bkp','35f52331ca9d03c8828362d1e63b413f','',3,'N','Y',3,1,1,'2020-11-10 00:00:00','2020-11-10 00:00:00'),(259,'KARNIKA CHAKRABORTY( CM)','karnika','9490fab13b824d481ee46c74adb90fb1','',3,'N','Y',11,1,1,'2020-11-10 00:00:00','2020-11-10 00:00:00'),(260,'INDRANI HALDER (KP)','indrani','c4bf12e999ceec2da65ebe5c0ed0526a','',3,'N','Y',17,1,1,'2020-11-10 00:00:00','2020-11-10 00:00:00'),(261,'EESHANEE GANGOPHADHAY (CM)','EESHANI@1992','e0fe33d149de61b2ac5cbd5c400a7ab3','',3,'N','Y',11,1,1,'2020-11-10 00:00:00','2020-11-10 00:00:00'),(262,'MITALI SHARMA (KP)','mitali@sharma','99b27c2eb8e99f65d7875ecce01a809d','',3,'N','Y',17,1,1,'2020-11-10 00:00:00','2020-11-10 00:00:00'),(263,'PRADIP CHAKRABORTY','prodip@bkp','4c74d09f0e82bebe99a2c3be9141adae','',3,'N','Y',3,1,1,'2020-11-10 00:00:00','2020-11-10 00:00:00'),(264,'GOUTAM GHOSH (KP)','goutam@kp','3df777231b005724ca6d02e870fee305','',3,'N','Y',17,1,1,'2020-11-10 00:00:00','2020-11-10 00:00:00'),(265,'JOTI SINGH','joti@bkp','a636289c01b7fb90129988b3fab50068','',3,'N','Y',3,1,1,'2020-11-10 00:00:00','2020-11-10 00:00:00'),(266,'SOMA BANERJEE MONDAL','soma#bkp','45978fd09e24f010b4eeda2c765388d9','',3,'N','Y',3,1,1,'2020-11-10 00:00:00','2020-11-10 00:00:00'),(267,'SUJOY BARAI','sujayj@KP','e12288434ddb125580642e38b16c1f1a','',3,'N','Y',17,1,1,'2020-11-10 00:00:00','2020-11-10 00:00:00'),(268,'SAYANI DAS','das@bkp','827ccb0eea8a706c4c34a16891f84e7b','',3,'N','Y',3,1,1,'2020-11-10 00:00:00','2020-11-10 00:00:00'),(269,'LABANI GHOSH','labani@1234','542723e3bf4bd925cea0636f7afe7c3d','',3,'N','Y',3,1,1,'2020-11-10 00:00:00','2020-11-10 00:00:00'),(270,'BIBHASH MANNA','BMANNA','8406f212d2cd84b0d31a13710a49a2a6','',3,'N','Y',17,1,1,'2020-11-10 00:00:00','2020-11-10 00:00:00'),(271,'SUDIPTA DAS','sudipta@swasthmantra','f83c75368f81afa2e7f9843c02c06675','',3,'N','Y',16,2,1,'2020-11-10 00:00:00','2020-11-10 00:00:00'),(272,'SHARMILA SARKAR','sharmila@bkp','abf36b64db1b9d5752814b9ecf1675c9','',3,'N','Y',3,1,1,'2020-11-10 00:00:00','2020-11-10 00:00:00'),(273,'Moumita Sensarma','moumita@tb','ecf7d5d2cb12e6aed1eded968012456d','',3,'N','Y',3,1,1,'2020-11-10 00:00:00','2020-11-10 00:00:00'),(274,'Manish Sarkar','manish@kp','b6d9dcb2b5f29da9a6c2441583d2f9a9','',3,'N','Y',17,1,1,'2020-11-10 00:00:00','2020-11-10 00:00:00'),(275,'PRITI  KARAR','PRITI@BKP','6ecc6d830355848ecbb01b09e9e1758f','',3,'N','Y',3,1,1,'2020-11-10 00:00:00','2020-11-10 00:00:00'),(276,'PAPAN BISWAS','papan@recp','8e24090d087270cf83a2edf311136360','',3,'N','Y',17,1,1,'2020-11-10 00:00:00','2020-11-10 00:00:00'),(277,'RUPJIT SAR','rupjit@cm','5bd148223bb5bb1d0660454e3097212b','',3,'N','Y',11,1,1,'2020-11-10 00:00:00','2020-11-10 00:00:00'),(278,'SUPRIYA PRASAD','supriya@#bkp','975432721dd099fe02c6ded71d24af3e','',3,'N','Y',3,1,1,'2020-11-10 00:00:00','2020-11-10 00:00:00'),(279,'Piyali Banerjee','Piyali@Bannerjee','5444a10643da4a1aa281fd22f1973866','',3,'N','Y',3,1,1,'2020-11-10 00:00:00','2020-11-10 00:00:00'),(280,'Soft','soft_adm','0192023a7bbd73250516f069df18b500','',3,'N','Y',3,1,1,'2020-11-10 00:00:00','2020-11-10 00:00:00'),(281,'MOUMITA PAUL','paul@2019','14e9997f1c8d7ae2d607a4965eade889','',3,'N','Y',3,1,1,'2020-11-10 00:00:00','2020-11-10 00:00:00'),(282,'PARIJAT GHOSH','parijat@bkp','c804468bf0717ebc9509497e0b1b21d4','',3,'N','Y',3,1,1,'2020-11-10 00:00:00','2020-11-10 00:00:00'),(283,'RISHAB MITRA','mitra#kp','2d14948ec3aa8b122855309617ea2655','',3,'N','Y',17,1,1,'2020-11-10 00:00:00','2020-11-10 00:00:00'),(284,'MITHU KAR','mithu @marketing','c73144907ee8c8d985a6903710a8cf78','',3,'N','Y',3,1,1,'2020-11-10 00:00:00','2020-11-10 00:00:00'),(285,'Ruma DAS','ruma @kp','2e87b5f21e2c95ff78f16aff871ecff3','',3,'N','Y',17,1,1,'2020-11-10 00:00:00','2020-11-10 00:00:00'),(286,'LEKHA  ROY CHOUDHURY ','lekha@bkp','442c52468dff59fefe39fa39efc125a2','',3,'N','Y',3,1,1,'2020-11-10 00:00:00','2020-11-10 00:00:00'),(287,'ARUN','arun@cm','29bd98566104423d1699905d54d85797','',3,'N','Y',11,1,1,'2020-11-10 00:00:00','2020-11-10 00:00:00'),(288,'ANITA DEY','Anita@2020','d4782c47671f0f637604df7d9ba76da6','',3,'N','Y',3,1,1,'2020-11-10 00:00:00','2020-11-10 00:00:00'),(289,'SWARNALI DHAN','dhan@cm','4d424ab51221e33929f1c5852aef75ff','',3,'N','Y',11,1,1,'2020-11-10 00:00:00','2020-11-10 00:00:00'),(290,'PAPIYA BHATTACHARYA BKP','papiya#bkp','22f94d1f79f9e646b519f7ddd451efa6','',3,'N','Y',3,1,1,'2020-11-10 00:00:00','2020-11-10 00:00:00'),(291,'MOULI DUTTA','mouli #cm','d373ad0e0a922d8d296106835f8c318c','',3,'N','Y',11,1,1,'2020-11-10 00:00:00','2020-11-10 00:00:00'),(292,'SUMAN DEBNATH','suman#bkp','bedb19c2bd6fd54eebba07b1177f8dbb','',3,'N','Y',3,1,1,'2020-11-10 00:00:00','2020-11-10 00:00:00'),(293,'ARINDAM BHADRA','bhadra#kp','e93fcc1eba2521fae69a49c7d42aed3f','',3,'N','Y',17,1,1,'2020-11-10 00:00:00','2020-11-10 00:00:00'),(294,'SUMAN DEBNATH','suman#kp','bedb19c2bd6fd54eebba07b1177f8dbb','',3,'N','Y',17,1,1,'2020-11-10 00:00:00','2020-11-10 00:00:00');

/*Table structure for table `wings_category_master` */

DROP TABLE IF EXISTS `wings_category_master`;

CREATE TABLE `wings_category_master` (
  `cat_id` int(11) NOT NULL AUTO_INCREMENT,
  `category_name` varchar(255) DEFAULT NULL,
  `is_active` enum('Y','N') DEFAULT NULL,
  `branch_id` int(11) DEFAULT NULL,
  `company_id` int(11) DEFAULT NULL,
  `created_dt` datetime DEFAULT NULL,
  PRIMARY KEY (`cat_id`)
) ENGINE=InnoDB AUTO_INCREMENT=2 DEFAULT CHARSET=utf8;

/*Data for the table `wings_category_master` */

insert  into `wings_category_master`(`cat_id`,`category_name`,`is_active`,`branch_id`,`company_id`,`created_dt`) values (1,'WEB EQUIRY','Y',3,1,'0000-00-00 00:00:00');

/*!40101 SET SQL_MODE=@OLD_SQL_MODE */;
/*!40014 SET FOREIGN_KEY_CHECKS=@OLD_FOREIGN_KEY_CHECKS */;
/*!40014 SET UNIQUE_CHECKS=@OLD_UNIQUE_CHECKS */;
/*!40111 SET SQL_NOTES=@OLD_SQL_NOTES */;
